Workbook
Name TableName: "Dummy"

Sheet README
A1: This worksheet is used to develop input data for DSM2 and for the weekly real-time assessment summary report.
A3: Workflow:
A4: Thuy Washburn at CVO sends Adam Witt four csv files with measured and forecast data based on four OMR scenarios (-6,250, -5,000, -3,500, -2000)
A5: Adam copies flow_export_review.xlsx from previous week into current week input folder
A6: Adam copies csv data provided by CVO into the four data sheets in this folder and renames them to match CVO sheet names
A7: Adam updates cell A3 in plot_example worksheet to align with forecast start date for current week
A8: If necessary, Adam extends data in each sheet by copying the last day and repeating that value into the future up to 3 weeks after the forecast start date
A9: Figures and tables from plot_example are copied over to the current week's real-time assessment
A10: Adam sends weekly flow value and flow bin categories to Roja for ZOI plot labels

Sheet plot_example
B1: cfs | E1: cfs | H1: OMR = -6,250 | Q1: OMR = -5,000 | Z1: OMR = -3,500 | AL1: OMR = -2,000 | AR1: tpp/ccf | AS1: 6250 | AT1: 5000 | AU1: 3250 | AV1: 2000
B2: FPT | C2: FPT Measured | D2: FPT Forecast | E2: VNS | F2: VNS Measured | G2: VNS Forecast | H2: OMR (cfs) | K2: CCF (cfs) | N2: TPP (cfs) | Q2: OMR (cfs) | T2: CCF (cfs) | W2: TPP (cfs) | Z2: OMR (cfs) | AC2: CCF (cfs) | AF2: TPP (cfs) | AI2: OMR (cfs) | AL2: CCF (cfs) | AO2: TPP (cfs)
A3: 46042 | B3: =INDEX('01_12_OMRI-2000'!$E$4:$E$393,MATCH($A3,'01_12_OMRI-2000'!$A$4:$A$393,0)) -> 38897 | D3: =B3 -> 38897 | E3: =INDEX('01_12_OMRI-2000'!$D$4:$D$393,MATCH($A3,'01_12_OMRI-2000'!$A$4:$A$393,0)) -> 2467 | G3: =E3 -> 2467 | H3: =-6250 -> -6250 | J3: =H3 -> -6250 | K3: =INDEX('01_20_OMRI -6250'!$B4:$B400,MATCH($A3,'01_20_OMRI -6250'!$A4:$A400,0))/1.98 -> 3606.5657 | M3: =K3 -> 3606.5657 | N3: =INDEX('01_20_OMRI -6250'!$C4:$C400,MATCH($A3,'01_20_OMRI -6250'!$A4:$A400,0))/1.98 -> 3506.0606 | P3: =N3 -> 3506.0606 | Q3: -5000 | S3: =Q3 -> -5000 | T3: =INDEX('01_20_OMRI -5000'!$B4:$B393,MATCH($A3,'01_20_OMRI -5000'!$A4:$A393,0))/1.98 -> 2905.0505 | V3: =T3 -> 2905.0505 | W3: =INDEX('01_20_OMRI -5000'!$C4:$C393,MATCH($A3,'01_20_OMRI -5000'!$A4:$A393,0))/1.98 -> 3506.0606 | Y3: =W3 -> 3506.0606 | Z3: -3500 | AB3: =Z3 -> -3500 | AC3: =INDEX('01_12_OMRI -3500'!$B4:$B393,MATCH($A3,'01_12_OMRI -3500'!$A4:$A393,0))/1.98 -> 2103.5354 | AE3: =AC3 -> 2103.5354 | AF3: =INDEX('01_12_OMRI -3500'!$C4:$C393,MATCH($A3,'01_12_OMRI -3500'!$A4:$A393,0))/1.98 -> 3506.0606 | AH3: =AF3 -> 3506.0606 | AI3: -2000 | AK3: =AI3 -> -2000 | AL3: =INDEX('01_12_OMRI-2000'!$B4:$B393,MATCH($A3,'01_12_OMRI-2000'!$A4:$A393,0))/1.98 -> 1302.5253 | AN3: =AL3 -> 1302.5253 | AO3: =INDEX('01_12_OMRI-2000'!$C4:$C393,MATCH($A3,'01_12_OMRI-2000'!$A4:$A393,0))/1.98 -> 3506.0606 | AQ3: =AO3 -> 3506.0606 | AS3: =N3/(K3+N3) -> 0.49293474 | AT3: =W3/(T3+W3) -> 0.54687254 | AU3: =AF3/(AC3+AF3) -> 0.62501125 | AV3: =AO3/(AL3+AO3) -> 0.72912509
A4: =A3+1 -> 46043 | B4: =INDEX('01_12_OMRI-2000'!$E$4:$E$393,MATCH($A4,'01_12_OMRI-2000'!$A$4:$A$393,0)) -> 37262 | D4: =B4 -> 37262 | E4: =INDEX('01_12_OMRI-2000'!$D$4:$D$393,MATCH($A4,'01_12_OMRI-2000'!$A$4:$A$393,0)) -> 2451 | G4: =E4 -> 2451 | H4: =-6250 -> -6250 | J4: =H4 -> -6250 | K4: =INDEX('01_20_OMRI -6250'!$B5:$B401,MATCH($A4,'01_20_OMRI -6250'!$A5:$A401,0))/1.98 -> 3606.5657 | M4: =K4 -> 3606.5657 | N4: =INDEX('01_20_OMRI -6250'!$C5:$C401,MATCH($A4,'01_20_OMRI -6250'!$A5:$A401,0))/1.98 -> 3506.0606 | P4: =N4 -> 3506.0606 | Q4: -5000 | S4: =Q4 -> -5000 | T4: =INDEX('01_20_OMRI -5000'!$B5:$B394,MATCH($A4,'01_20_OMRI -5000'!$A5:$A394,0))/1.98 -> 2905.0505 | V4: =T4 -> 2905.0505 | W4: =INDEX('01_20_OMRI -5000'!$C5:$C394,MATCH($A4,'01_20_OMRI -5000'!$A5:$A394,0))/1.98 -> 3506.0606 | Y4: =W4 -> 3506.0606 | Z4: -3500 | AB4: =Z4 -> -3500 | AC4: =INDEX('01_12_OMRI -3500'!$B5:$B394,MATCH($A4,'01_12_OMRI -3500'!$A5:$A394,0))/1.98 -> 2103.5354 | AE4: =AC4 -> 2103.5354 | AF4: =INDEX('01_12_OMRI -3500'!$C5:$C394,MATCH($A4,'01_12_OMRI -3500'!$A5:$A394,0))/1.98 -> 3506.0606 | AH4: =AF4 -> 3506.0606 | AI4: -2000 | AK4: =AI4 -> -2000 | AL4: =INDEX('01_12_OMRI-2000'!$B5:$B394,MATCH($A4,'01_12_OMRI-2000'!$A5:$A394,0))/1.98 -> 1302.5253 | AN4: =AL4 -> 1302.5253 | AO4: =INDEX('01_12_OMRI-2000'!$C5:$C394,MATCH($A4,'01_12_OMRI-2000'!$A5:$A394,0))/1.98 -> 3506.0606 | AQ4: =AO4 -> 3506.0606 | AS4: =N4/(K4+N4) -> 0.49293474 | AT4: =W4/(T4+W4) -> 0.54687254 | AU4: =AF4/(AC4+AF4) -> 0.62501125 | AV4: =AO4/(AL4+AO4) -> 0.72912509
A5: =A4+1 -> 46044 | B5: =INDEX('01_12_OMRI-2000'!$E$4:$E$393,MATCH($A5,'01_12_OMRI-2000'!$A$4:$A$393,0)) -> 35913 | D5: =B5 -> 35913 | E5: =INDEX('01_12_OMRI-2000'!$D$4:$D$393,MATCH($A5,'01_12_OMRI-2000'!$A$4:$A$393,0)) -> 2443 | G5: =E5 -> 2443 | H5: =-6250 -> -6250 | J5: =H5 -> -6250 | K5: =INDEX('01_20_OMRI -6250'!$B6:$B402,MATCH($A5,'01_20_OMRI -6250'!$A6:$A402,0))/1.98 -> 3606.5657 | M5: =K5 -> 3606.5657 | N5: =INDEX('01_20_OMRI -6250'!$C6:$C402,MATCH($A5,'01_20_OMRI -6250'!$A6:$A402,0))/1.98 -> 4207.5758 | P5: =N5 -> 4207.5758 | Q5: -5000 | S5: =Q5 -> -5000 | T5: =INDEX('01_20_OMRI -5000'!$B6:$B395,MATCH($A5,'01_20_OMRI -5000'!$A6:$A395,0))/1.98 -> 2905.0505 | V5: =T5 -> 2905.0505 | W5: =INDEX('01_20_OMRI -5000'!$C6:$C395,MATCH($A5,'01_20_OMRI -5000'!$A6:$A395,0))/1.98 -> 3506.0606 | Y5: =W5 -> 3506.0606 | Z5: -3500 | AB5: =Z5 -> -3500 | AC5: =INDEX('01_12_OMRI -3500'!$B6:$B395,MATCH($A5,'01_12_OMRI -3500'!$A6:$A395,0))/1.98 -> 2103.5354 | AE5: =AC5 -> 2103.5354 | AF5: =INDEX('01_12_OMRI -3500'!$C6:$C395,MATCH($A5,'01_12_OMRI -3500'!$A6:$A395,0))/1.98 -> 2704.5455 | AH5: =AF5 -> 2704.5455 | AI5: -2000 | AK5: =AI5 -> -2000 | AL5: =INDEX('01_12_OMRI-2000'!$B6:$B395,MATCH($A5,'01_12_OMRI-2000'!$A6:$A395,0))/1.98 -> 1302.5253 | AN5: =AL5 -> 1302.5253 | AO5: =INDEX('01_12_OMRI-2000'!$C6:$C395,MATCH($A5,'01_12_OMRI-2000'!$A6:$A395,0))/1.98 -> 1803.0303 | AQ5: =AO5 -> 1803.0303 | AS5: =N5/(K5+N5) -> 0.53845657 | AT5: =W5/(T5+W5) -> 0.54687254 | AU5: =AF5/(AC5+AF5) -> 0.5625 | AV5: =AO5/(AL5+AO5) -> 0.58058221
A6: =A5+1 -> 46045 | B6: =INDEX('01_12_OMRI-2000'!$E$4:$E$393,MATCH($A6,'01_12_OMRI-2000'!$A$4:$A$393,0)) -> 35060 | D6: =B6 -> 35060 | E6: =INDEX('01_12_OMRI-2000'!$D$4:$D$393,MATCH($A6,'01_12_OMRI-2000'!$A$4:$A$393,0)) -> 2436 | G6: =E6 -> 2436 | H6: =-6250 -> -6250 | J6: =H6 -> -6250 | K6: =INDEX('01_20_OMRI -6250'!$B7:$B403,MATCH($A6,'01_20_OMRI -6250'!$A7:$A403,0))/1.98 -> 3606.5657 | M6: =K6 -> 3606.5657 | N6: =INDEX('01_20_OMRI -6250'!$C7:$C403,MATCH($A6,'01_20_OMRI -6250'!$A7:$A403,0))/1.98 -> 4207.5758 | P6: =N6 -> 4207.5758 | Q6: -5000 | S6: =Q6 -> -5000 | T6: =INDEX('01_20_OMRI -5000'!$B7:$B396,MATCH($A6,'01_20_OMRI -5000'!$A7:$A396,0))/1.98 -> 2905.0505 | V6: =T6 -> 2905.0505 | W6: =INDEX('01_20_OMRI -5000'!$C7:$C396,MATCH($A6,'01_20_OMRI -5000'!$A7:$A396,0))/1.98 -> 3506.0606 | Y6: =W6 -> 3506.0606 | Z6: -3500 | AB6: =Z6 -> -3500 | AC6: =INDEX('01_12_OMRI -3500'!$B7:$B396,MATCH($A6,'01_12_OMRI -3500'!$A7:$A396,0))/1.98 -> 2103.5354 | AE6: =AC6 -> 2103.5354 | AF6: =INDEX('01_12_OMRI -3500'!$C7:$C396,MATCH($A6,'01_12_OMRI -3500'!$A7:$A396,0))/1.98 -> 2704.5455 | AH6: =AF6 -> 2704.5455 | AI6: -2000 | AK6: =AI6 -> -2000 | AL6: =INDEX('01_12_OMRI-2000'!$B7:$B396,MATCH($A6,'01_12_OMRI-2000'!$A7:$A396,0))/1.98 -> 1302.5253 | AN6: =AL6 -> 1302.5253 | AO6: =INDEX('01_12_OMRI-2000'!$C7:$C396,MATCH($A6,'01_12_OMRI-2000'!$A7:$A396,0))/1.98 -> 1803.0303 | AQ6: =AO6 -> 1803.0303 | AS6: =N6/(K6+N6) -> 0.53845657 | AT6: =W6/(T6+W6) -> 0.54687254 | AU6: =AF6/(AC6+AF6) -> 0.5625 | AV6: =AO6/(AL6+AO6) -> 0.58058221
A7: =A6+1 -> 46046 | B7: =INDEX('01_12_OMRI-2000'!$E$4:$E$393,MATCH($A7,'01_12_OMRI-2000'!$A$4:$A$393,0)) -> 34447 | D7: =B7 -> 34447 | E7: =INDEX('01_12_OMRI-2000'!$D$4:$D$393,MATCH($A7,'01_12_OMRI-2000'!$A$4:$A$393,0)) -> 2428 | G7: =E7 -> 2428 | H7: =-6250 -> -6250 | J7: =H7 -> -6250 | K7: =INDEX('01_20_OMRI -6250'!$B8:$B404,MATCH($A7,'01_20_OMRI -6250'!$A8:$A404,0))/1.98 -> 3606.5657 | M7: =K7 -> 3606.5657 | N7: =INDEX('01_20_OMRI -6250'!$C8:$C404,MATCH($A7,'01_20_OMRI -6250'!$A8:$A404,0))/1.98 -> 4207.5758 | P7: =N7 -> 4207.5758 | Q7: -5000 | S7: =Q7 -> -5000 | T7: =INDEX('01_20_OMRI -5000'!$B8:$B397,MATCH($A7,'01_20_OMRI -5000'!$A8:$A397,0))/1.98 -> 2905.0505 | V7: =T7 -> 2905.0505 | W7: =INDEX('01_20_OMRI -5000'!$C8:$C397,MATCH($A7,'01_20_OMRI -5000'!$A8:$A397,0))/1.98 -> 3506.0606 | Y7: =W7 -> 3506.0606 | Z7: -3500 | AB7: =Z7 -> -3500 | AC7: =INDEX('01_12_OMRI -3500'!$B8:$B397,MATCH($A7,'01_12_OMRI -3500'!$A8:$A397,0))/1.98 -> 2103.5354 | AE7: =AC7 -> 2103.5354 | AF7: =INDEX('01_12_OMRI -3500'!$C8:$C397,MATCH($A7,'01_12_OMRI -3500'!$A8:$A397,0))/1.98 -> 2704.5455 | AH7: =AF7 -> 2704.5455 | AI7: -2000 | AK7: =AI7 -> -2000 | AL7: =INDEX('01_12_OMRI-2000'!$B8:$B397,MATCH($A7,'01_12_OMRI-2000'!$A8:$A397,0))/1.98 -> 1302.5253 | AN7: =AL7 -> 1302.5253 | AO7: =INDEX('01_12_OMRI-2000'!$C8:$C397,MATCH($A7,'01_12_OMRI-2000'!$A8:$A397,0))/1.98 -> 1803.0303 | AQ7: =AO7 -> 1803.0303 | AS7: =N7/(K7+N7) -> 0.53845657 | AT7: =W7/(T7+W7) -> 0.54687254 | AU7: =AF7/(AC7+AF7) -> 0.5625 | AV7: =AO7/(AL7+AO7) -> 0.58058221
A8: =A7+1 -> 46047 | B8: =INDEX('01_12_OMRI-2000'!$E$4:$E$393,MATCH($A8,'01_12_OMRI-2000'!$A$4:$A$393,0)) -> 34003 | D8: =B8 -> 34003 | E8: =INDEX('01_12_OMRI-2000'!$D$4:$D$393,MATCH($A8,'01_12_OMRI-2000'!$A$4:$A$393,0)) -> 2400 | G8: =E8 -> 2400 | H8: =-6250 -> -6250 | J8: =H8 -> -6250 | K8: =INDEX('01_20_OMRI -6250'!$B9:$B405,MATCH($A8,'01_20_OMRI -6250'!$A9:$A405,0))/1.98 -> 3606.5657 | M8: =K8 -> 3606.5657 | N8: =INDEX('01_20_OMRI -6250'!$C9:$C405,MATCH($A8,'01_20_OMRI -6250'!$A9:$A405,0))/1.98 -> 4207.5758 | P8: =N8 -> 4207.5758 | Q8: -5000 | S8: =Q8 -> -5000 | T8: =INDEX('01_20_OMRI -5000'!$B9:$B398,MATCH($A8,'01_20_OMRI -5000'!$A9:$A398,0))/1.98 -> 2905.0505 | V8: =T8 -> 2905.0505 | W8: =INDEX('01_20_OMRI -5000'!$C9:$C398,MATCH($A8,'01_20_OMRI -5000'!$A9:$A398,0))/1.98 -> 3506.0606 | Y8: =W8 -> 3506.0606 | Z8: -3500 | AB8: =Z8 -> -3500 | AC8: =INDEX('01_12_OMRI -3500'!$B9:$B398,MATCH($A8,'01_12_OMRI -3500'!$A9:$A398,0))/1.98 -> 2103.5354 | AE8: =AC8 -> 2103.5354 | AF8: =INDEX('01_12_OMRI -3500'!$C9:$C398,MATCH($A8,'01_12_OMRI -3500'!$A9:$A398,0))/1.98 -> 2704.5455 | AH8: =AF8 -> 2704.5455 | AI8: -2000 | AK8: =AI8 -> -2000 | AL8: =INDEX('01_12_OMRI-2000'!$B9:$B398,MATCH($A8,'01_12_OMRI-2000'!$A9:$A398,0))/1.98 -> 1302.5253 | AN8: =AL8 -> 1302.5253 | AO8: =INDEX('01_12_OMRI-2000'!$C9:$C398,MATCH($A8,'01_12_OMRI-2000'!$A9:$A398,0))/1.98 -> 1803.0303 | AQ8: =AO8 -> 1803.0303 | AS8: =N8/(K8+N8) -> 0.53845657 | AT8: =W8/(T8+W8) -> 0.54687254 | AU8: =AF8/(AC8+AF8) -> 0.5625 | AV8: =AO8/(AL8+AO8) -> 0.58058221
A9: =A8+1 -> 46048 | B9: =INDEX('01_12_OMRI-2000'!$E$4:$E$393,MATCH($A9,'01_12_OMRI-2000'!$A$4:$A$393,0)) -> 33602 | D9: =B9 -> 33602 | E9: =INDEX('01_12_OMRI-2000'!$D$4:$D$393,MATCH($A9,'01_12_OMRI-2000'!$A$4:$A$393,0)) -> 2300 | G9: =E9 -> 2300 | H9: =-6250 -> -6250 | J9: =H9 -> -6250 | K9: =INDEX('01_20_OMRI -6250'!$B10:$B406,MATCH($A9,'01_20_OMRI -6250'!$A10:$A406,0))/1.98 -> 3506.0606 | M9: =K9 -> 3506.0606 | N9: =INDEX('01_20_OMRI -6250'!$C10:$C406,MATCH($A9,'01_20_OMRI -6250'!$A10:$A406,0))/1.98 -> 4207.5758 | P9: =N9 -> 4207.5758 | Q9: -5000 | S9: =Q9 -> -5000 | T9: =INDEX('01_20_OMRI -5000'!$B10:$B399,MATCH($A9,'01_20_OMRI -5000'!$A10:$A399,0))/1.98 -> 2905.0505 | V9: =T9 -> 2905.0505 | W9: =INDEX('01_20_OMRI -5000'!$C10:$C399,MATCH($A9,'01_20_OMRI -5000'!$A10:$A399,0))/1.98 -> 3506.0606 | Y9: =W9 -> 3506.0606 | Z9: -3500 | AB9: =Z9 -> -3500 | AC9: =INDEX('01_12_OMRI -3500'!$B10:$B399,MATCH($A9,'01_12_OMRI -3500'!$A10:$A399,0))/1.98 -> 2003.5354 | AE9: =AC9 -> 2003.5354 | AF9: =INDEX('01_12_OMRI -3500'!$C10:$C399,MATCH($A9,'01_12_OMRI -3500'!$A10:$A399,0))/1.98 -> 2704.5455 | AH9: =AF9 -> 2704.5455 | AI9: -2000 | AK9: =AI9 -> -2000 | AL9: =INDEX('01_12_OMRI-2000'!$B10:$B399,MATCH($A9,'01_12_OMRI-2000'!$A10:$A399,0))/1.98 -> 1302.5253 | AN9: =AL9 -> 1302.5253 | AO9: =INDEX('01_12_OMRI-2000'!$C10:$C399,MATCH($A9,'01_12_OMRI-2000'!$A10:$A399,0))/1.98 -> 1803.0303 | AQ9: =AO9 -> 1803.0303 | AS9: =N9/(K9+N9) -> 0.5454724 | AT9: =W9/(T9+W9) -> 0.54687254 | AU9: =AF9/(AC9+AF9) -> 0.57444754 | AV9: =AO9/(AL9+AO9) -> 0.58058221
A10: =A9+1 -> 46049 | B10: =INDEX('01_12_OMRI-2000'!$E$4:$E$393,MATCH($A10,'01_12_OMRI-2000'!$A$4:$A$393,0)) -> 33217 | D10: =B10 -> 33217 | E10: =INDEX('01_12_OMRI-2000'!$D$4:$D$393,MATCH($A10,'01_12_OMRI-2000'!$A$4:$A$393,0)) -> 2200 | G10: =E10 -> 2200 | H10: =-6250 -> -6250 | J10: =H10 -> -6250 | K10: =INDEX('01_20_OMRI -6250'!$B11:$B407,MATCH($A10,'01_20_OMRI -6250'!$A11:$A407,0))/1.98 -> 3506.0606 | M10: =K10 -> 3506.0606 | N10: =INDEX('01_20_OMRI -6250'!$C11:$C407,MATCH($A10,'01_20_OMRI -6250'!$A11:$A407,0))/1.98 -> 4207.5758 | P10: =N10 -> 4207.5758 | Q10: -5000 | S10: =Q10 -> -5000 | T10: =INDEX('01_20_OMRI -5000'!$B11:$B400,MATCH($A10,'01_20_OMRI -5000'!$A11:$A400,0))/1.98 -> 2805.0505 | V10: =T10 -> 2805.0505 | W10: =INDEX('01_20_OMRI -5000'!$C11:$C400,MATCH($A10,'01_20_OMRI -5000'!$A11:$A400,0))/1.98 -> 3506.0606 | Y10: =W10 -> 3506.0606 | Z10: -3500 | AB10: =Z10 -> -3500 | AC10: =INDEX('01_12_OMRI -3500'!$B11:$B400,MATCH($A10,'01_12_OMRI -3500'!$A11:$A400,0))/1.98 -> 2003.5354 | AE10: =AC10 -> 2003.5354 | AF10: =INDEX('01_12_OMRI -3500'!$C11:$C400,MATCH($A10,'01_12_OMRI -3500'!$A11:$A400,0))/1.98 -> 2704.5455 | AH10: =AF10 -> 2704.5455 | AI10: -2000 | AK10: =AI10 -> -2000 | AL10: =INDEX('01_12_OMRI-2000'!$B11:$B400,MATCH($A10,'01_12_OMRI-2000'!$A11:$A400,0))/1.98 -> 1302.5253 | AN10: =AL10 -> 1302.5253 | AO10: =INDEX('01_12_OMRI-2000'!$C11:$C400,MATCH($A10,'01_12_OMRI-2000'!$A11:$A400,0))/1.98 -> 1803.0303 | AQ10: =AO10 -> 1803.0303 | AS10: =N10/(K10+N10) -> 0.5454724 | AT10: =W10/(T10+W10) -> 0.55553777 | AU10: =AF10/(AC10+AF10) -> 0.57444754 | AV10: =AO10/(AL10+AO10) -> 0.58058221
A11: =A10+1 -> 46050 | B11: =INDEX('01_12_OMRI-2000'!$E$4:$E$393,MATCH($A11,'01_12_OMRI-2000'!$A$4:$A$393,0)) -> 32914 | D11: =B11 -> 32914 | E11: =INDEX('01_12_OMRI-2000'!$D$4:$D$393,MATCH($A11,'01_12_OMRI-2000'!$A$4:$A$393,0)) -> 2100 | G11: =E11 -> 2100 | H11: =-6250 -> -6250 | J11: =H11 -> -6250 | K11: =INDEX('01_20_OMRI -6250'!$B12:$B408,MATCH($A11,'01_20_OMRI -6250'!$A12:$A408,0))/1.98 -> 3506.0606 | M11: =K11 -> 3506.0606 | N11: =INDEX('01_20_OMRI -6250'!$C12:$C408,MATCH($A11,'01_20_OMRI -6250'!$A12:$A408,0))/1.98 -> 4207.5758 | P11: =N11 -> 4207.5758 | Q11: -5000 | S11: =Q11 -> -5000 | T11: =INDEX('01_20_OMRI -5000'!$B12:$B401,MATCH($A11,'01_20_OMRI -5000'!$A12:$A401,0))/1.98 -> 2805.0505 | V11: =T11 -> 2805.0505 | W11: =INDEX('01_20_OMRI -5000'!$C12:$C401,MATCH($A11,'01_20_OMRI -5000'!$A12:$A401,0))/1.98 -> 3506.0606 | Y11: =W11 -> 3506.0606 | Z11: -3500 | AB11: =Z11 -> -3500 | AC11: =INDEX('01_12_OMRI -3500'!$B12:$B401,MATCH($A11,'01_12_OMRI -3500'!$A12:$A401,0))/1.98 -> 1903.5354 | AE11: =AC11 -> 1903.5354 | AF11: =INDEX('01_12_OMRI -3500'!$C12:$C401,MATCH($A11,'01_12_OMRI -3500'!$A12:$A401,0))/1.98 -> 2704.5455 | AH11: =AF11 -> 2704.5455 | AI11: -2000 | AK11: =AI11 -> -2000 | AL11: =INDEX('01_12_OMRI-2000'!$B12:$B401,MATCH($A11,'01_12_OMRI-2000'!$A12:$A401,0))/1.98 -> 1202.0202 | AN11: =AL11 -> 1202.0202 | AO11: =INDEX('01_12_OMRI-2000'!$C12:$C401,MATCH($A11,'01_12_OMRI-2000'!$A12:$A401,0))/1.98 -> 1803.0303 | AQ11: =AO11 -> 1803.0303 | AS11: =N11/(K11+N11) -> 0.5454724 | AT11: =W11/(T11+W11) -> 0.55553777 | AU11: =AF11/(AC11+AF11) -> 0.58691363 | AV11: =AO11/(AL11+AO11) -> 0.6
A12: =A11+1 -> 46051 | B12: =INDEX('01_12_OMRI-2000'!$E$4:$E$393,MATCH($A12,'01_12_OMRI-2000'!$A$4:$A$393,0)) -> 32626 | D12: =B12 -> 32626 | E12: =INDEX('01_12_OMRI-2000'!$D$4:$D$393,MATCH($A12,'01_12_OMRI-2000'!$A$4:$A$393,0)) -> 2000 | G12: =E12 -> 2000 | H12: =-6250 -> -6250 | J12: =H12 -> -6250 | K12: =INDEX('01_20_OMRI -6250'!$B13:$B409,MATCH($A12,'01_20_OMRI -6250'!$A13:$A409,0))/1.98 -> 3406.0606 | M12: =K12 -> 3406.0606 | N12: =INDEX('01_20_OMRI -6250'!$C13:$C409,MATCH($A12,'01_20_OMRI -6250'!$A13:$A409,0))/1.98 -> 4207.5758 | P12: =N12 -> 4207.5758 | Q12: -5000 | S12: =Q12 -> -5000 | T12: =INDEX('01_20_OMRI -5000'!$B13:$B402,MATCH($A12,'01_20_OMRI -5000'!$A13:$A402,0))/1.98 -> 2704.5455 | V12: =T12 -> 2704.5455 | W12: =INDEX('01_20_OMRI -5000'!$C13:$C402,MATCH($A12,'01_20_OMRI -5000'!$A13:$A402,0))/1.98 -> 3506.0606 | Y12: =W12 -> 3506.0606 | Z12: -3500 | AB12: =Z12 -> -3500 | AC12: =INDEX('01_12_OMRI -3500'!$B13:$B402,MATCH($A12,'01_12_OMRI -3500'!$A13:$A402,0))/1.98 -> 1903.5354 | AE12: =AC12 -> 1903.5354 | AF12: =INDEX('01_12_OMRI -3500'!$C13:$C402,MATCH($A12,'01_12_OMRI -3500'!$A13:$A402,0))/1.98 -> 2704.5455 | AH12: =AF12 -> 2704.5455 | AI12: -2000 | AK12: =AI12 -> -2000 | AL12: =INDEX('01_12_OMRI-2000'!$B13:$B402,MATCH($A12,'01_12_OMRI-2000'!$A13:$A402,0))/1.98 -> 1102.0202 | AN12: =AL12 -> 1102.0202 | AO12: =INDEX('01_12_OMRI-2000'!$C13:$C402,MATCH($A12,'01_12_OMRI-2000'!$A13:$A402,0))/1.98 -> 1803.0303 | AQ12: =AO12 -> 1803.0303 | AS12: =N12/(K12+N12) -> 0.55263682 | AT12: =W12/(T12+W12) -> 0.56452793 | AU12: =AF12/(AC12+AF12) -> 0.58691363 | AV12: =AO12/(AL12+AO12) -> 0.62065369
A13: =A12+1 -> 46052 | B13: =INDEX('01_12_OMRI-2000'!$E$4:$E$393,MATCH($A13,'01_12_OMRI-2000'!$A$4:$A$393,0)) -> 31000 | D13: =B13 -> 31000 | E13: =INDEX('01_12_OMRI-2000'!$D$4:$D$393,MATCH($A13,'01_12_OMRI-2000'!$A$4:$A$393,0)) -> 1900 | G13: =E13 -> 1900 | H13: =-6250 -> -6250 | J13: =H13 -> -6250 | K13: =INDEX('01_20_OMRI -6250'!$B14:$B410,MATCH($A13,'01_20_OMRI -6250'!$A14:$A410,0))/1.98 -> 3406.0606 | M13: =K13 -> 3406.0606 | N13: =INDEX('01_20_OMRI -6250'!$C14:$C410,MATCH($A13,'01_20_OMRI -6250'!$A14:$A410,0))/1.98 -> 4207.5758 | P13: =N13 -> 4207.5758 | Q13: -5000 | S13: =Q13 -> -5000 | T13: =INDEX('01_20_OMRI -5000'!$B14:$B403,MATCH($A13,'01_20_OMRI -5000'!$A14:$A403,0))/1.98 -> 2704.5455 | V13: =T13 -> 2704.5455 | W13: =INDEX('01_20_OMRI -5000'!$C14:$C403,MATCH($A13,'01_20_OMRI -5000'!$A14:$A403,0))/1.98 -> 3506.0606 | Y13: =W13 -> 3506.0606 | Z13: -3500 | AB13: =Z13 -> -3500 | AC13: =INDEX('01_12_OMRI -3500'!$B14:$B403,MATCH($A13,'01_12_OMRI -3500'!$A14:$A403,0))/1.98 -> 1803.0303 | AE13: =AC13 -> 1803.0303 | AF13: =INDEX('01_12_OMRI -3500'!$C14:$C403,MATCH($A13,'01_12_OMRI -3500'!$A14:$A403,0))/1.98 -> 2704.5455 | AH13: =AF13 -> 2704.5455 | AI13: -2000 | AK13: =AI13 -> -2000 | AL13: =INDEX('01_12_OMRI-2000'!$B14:$B403,MATCH($A13,'01_12_OMRI-2000'!$A14:$A403,0))/1.98 -> 1102.0202 | AN13: =AL13 -> 1102.0202 | AO13: =INDEX('01_12_OMRI-2000'!$C14:$C403,MATCH($A13,'01_12_OMRI-2000'!$A14:$A403,0))/1.98 -> 1803.0303 | AQ13: =AO13 -> 1803.0303 | AS13: =N13/(K13+N13) -> 0.55263682 | AT13: =W13/(T13+W13) -> 0.56452793 | AU13: =AF13/(AC13+AF13) -> 0.6 | AV13: =AO13/(AL13+AO13) -> 0.62065369
A14: =A13+1 -> 46053 | B14: =INDEX('01_12_OMRI-2000'!$E$4:$E$393,MATCH($A14,'01_12_OMRI-2000'!$A$4:$A$393,0)) -> 30000 | D14: =B14 -> 30000 | E14: =INDEX('01_12_OMRI-2000'!$D$4:$D$393,MATCH($A14,'01_12_OMRI-2000'!$A$4:$A$393,0)) -> 1800 | G14: =E14 -> 1800 | H14: =-6250 -> -6250 | J14: =H14 -> -6250 | K14: =INDEX('01_20_OMRI -6250'!$B15:$B411,MATCH($A14,'01_20_OMRI -6250'!$A15:$A411,0))/1.98 -> 3306.0606 | M14: =K14 -> 3306.0606 | N14: =INDEX('01_20_OMRI -6250'!$C15:$C411,MATCH($A14,'01_20_OMRI -6250'!$A15:$A411,0))/1.98 -> 4207.5758 | P14: =N14 -> 4207.5758 | Q14: -5000 | S14: =Q14 -> -5000 | T14: =INDEX('01_20_OMRI -5000'!$B15:$B404,MATCH($A14,'01_20_OMRI -5000'!$A15:$A404,0))/1.98 -> 2604.5455 | V14: =T14 -> 2604.5455 | W14: =INDEX('01_20_OMRI -5000'!$C15:$C404,MATCH($A14,'01_20_OMRI -5000'!$A15:$A404,0))/1.98 -> 3506.0606 | Y14: =W14 -> 3506.0606 | Z14: -3500 | AB14: =Z14 -> -3500 | AC14: =INDEX('01_12_OMRI -3500'!$B15:$B404,MATCH($A14,'01_12_OMRI -3500'!$A15:$A404,0))/1.98 -> 1803.0303 | AE14: =AC14 -> 1803.0303 | AF14: =INDEX('01_12_OMRI -3500'!$C15:$C404,MATCH($A14,'01_12_OMRI -3500'!$A15:$A404,0))/1.98 -> 2704.5455 | AH14: =AF14 -> 2704.5455 | AI14: -2000 | AK14: =AI14 -> -2000 | AL14: =INDEX('01_12_OMRI-2000'!$B15:$B404,MATCH($A14,'01_12_OMRI-2000'!$A15:$A404,0))/1.98 -> 1102.0202 | AN14: =AL14 -> 1102.0202 | AO14: =INDEX('01_12_OMRI-2000'!$C15:$C404,MATCH($A14,'01_12_OMRI-2000'!$A15:$A404,0))/1.98 -> 1803.0303 | AQ14: =AO14 -> 1803.0303 | AS14: =N14/(K14+N14) -> 0.55999193 | AT14: =W14/(T14+W14) -> 0.57376643 | AU14: =AF14/(AC14+AF14) -> 0.6 | AV14: =AO14/(AL14+AO14) -> 0.62065369
A15: =A14+1 -> 46054 | B15: =INDEX('01_12_OMRI-2000'!$E$4:$E$393,MATCH($A15,'01_12_OMRI-2000'!$A$4:$A$393,0)) -> 28000 | D15: =B15 -> 28000 | E15: =INDEX('01_12_OMRI-2000'!$D$4:$D$393,MATCH($A15,'01_12_OMRI-2000'!$A$4:$A$393,0)) -> 1800 | G15: =E15 -> 1800 | H15: =-6250 -> -6250 | J15: =H15 -> -6250 | K15: =INDEX('01_20_OMRI -6250'!$B16:$B412,MATCH($A15,'01_20_OMRI -6250'!$A16:$A412,0))/1.98 -> 3306.0606 | M15: =K15 -> 3306.0606 | N15: =INDEX('01_20_OMRI -6250'!$C16:$C412,MATCH($A15,'01_20_OMRI -6250'!$A16:$A412,0))/1.98 -> 4207.5758 | P15: =N15 -> 4207.5758 | Q15: -5000 | S15: =Q15 -> -5000 | T15: =INDEX('01_20_OMRI -5000'!$B16:$B405,MATCH($A15,'01_20_OMRI -5000'!$A16:$A405,0))/1.98 -> 2604.5455 | V15: =T15 -> 2604.5455 | W15: =INDEX('01_20_OMRI -5000'!$C16:$C405,MATCH($A15,'01_20_OMRI -5000'!$A16:$A405,0))/1.98 -> 3506.0606 | Y15: =W15 -> 3506.0606 | Z15: -3500 | AB15: =Z15 -> -3500 | AC15: =INDEX('01_12_OMRI -3500'!$B16:$B405,MATCH($A15,'01_12_OMRI -3500'!$A16:$A405,0))/1.98 -> 1803.0303 | AE15: =AC15 -> 1803.0303 | AF15: =INDEX('01_12_OMRI -3500'!$C16:$C405,MATCH($A15,'01_12_OMRI -3500'!$A16:$A405,0))/1.98 -> 2704.5455 | AH15: =AF15 -> 2704.5455 | AI15: -2000 | AK15: =AI15 -> -2000 | AL15: =INDEX('01_12_OMRI-2000'!$B16:$B405,MATCH($A15,'01_12_OMRI-2000'!$A16:$A405,0))/1.98 -> 1002.0202 | AN15: =AL15 -> 1002.0202 | AO15: =INDEX('01_12_OMRI-2000'!$C16:$C405,MATCH($A15,'01_12_OMRI-2000'!$A16:$A405,0))/1.98 -> 1803.0303 | AQ15: =AO15 -> 1803.0303 | AS15: =N15/(K15+N15) -> 0.55999193 | AT15: =W15/(T15+W15) -> 0.57376643 | AU15: =AF15/(AC15+AF15) -> 0.6 | AV15: =AO15/(AL15+AO15) -> 0.64277998
... A24: =A23+1 -> 46063 | B24: =INDEX('01_12_OMRI-2000'!$E$4:$E$393,MATCH($A24,'01_12_OMRI-2000'!$A$4:$A$393,0)) -> 25000 | D24: =B24 -> 25000 | E24: =INDEX('01_12_OMRI-2000'!$D$4:$D$393,MATCH($A24,'01_12_OMRI-2000'!$A$4:$A$393,0)) -> 1800 | G24: =E24 -> 1800 | H24: =-6250 -> -6250 | J24: =H24 -> -6250 | K24: =INDEX('01_20_OMRI -6250'!$B25:$B421,MATCH($A24,'01_20_OMRI -6250'!$A25:$A421,0))/1.98 -> 3306.0606 | M24: =K24 -> 3306.0606 | N24: =INDEX('01_20_OMRI -6250'!$C25:$C421,MATCH($A24,'01_20_OMRI -6250'!$A25:$A421,0))/1.98 -> 4207.5758 | P24: =N24 -> 4207.5758 | Q24: -5000 | S24: =Q24 -> -5000 | T24: =INDEX('01_20_OMRI -5000'!$B25:$B414,MATCH($A24,'01_20_OMRI -5000'!$A25:$A414,0))/1.98 -> 2604.5455 | V24: =T24 -> 2604.5455 | W24: =INDEX('01_20_OMRI -5000'!$C25:$C414,MATCH($A24,'01_20_OMRI -5000'!$A25:$A414,0))/1.98 -> 3506.0606 | Y24: =W24 -> 3506.0606 | Z24: -3500 | AB24: =Z24 -> -3500 | AC24: =INDEX('01_12_OMRI -3500'!$B25:$B414,MATCH($A24,'01_12_OMRI -3500'!$A25:$A414,0))/1.98 -> 1803.0303 | AE24: =AC24 -> 1803.0303 | AF24: =INDEX('01_12_OMRI -3500'!$C25:$C414,MATCH($A24,'01_12_OMRI -3500'!$A25:$A414,0))/1.98 -> 2704.5455 | AH24: =AF24 -> 2704.5455 | AI24: -2000 | AK24: =AI24 -> -2000 | AL24: =INDEX('01_12_OMRI-2000'!$B25:$B414,MATCH($A24,'01_12_OMRI-2000'!$A25:$A414,0))/1.98 -> 1002.0202 | AN24: =AL24 -> 1002.0202 | AO24: =INDEX('01_12_OMRI-2000'!$C25:$C414,MATCH($A24,'01_12_OMRI-2000'!$A25:$A414,0))/1.98 -> 1803.0303 | AQ24: =AO24 -> 1803.0303 | AS24: =N24/(K24+N24) -> 0.55999193 | AT24: =W24/(T24+W24) -> 0.57376643 | AU24: =AF24/(AC24+AF24) -> 0.6 | AV24: =AO24/(AL24+AO24) -> 0.64277998
K25: =AVERAGE(K3:K24) -> 3424.3802 | N25: =AVERAGE(N3:N24) -> 4143.8017 | T25: =AVERAGE(T3:T24) -> 2727.4793 | W25: =AVERAGE(W3:W24) -> 3506.0606 | AC25: =AVERAGE(AC3:AC24) -> 1912.3508 | AF25: =AVERAGE(AF3:AF24) -> 2777.4105 | AL25: =AVERAGE(AL3:AL24) -> 1134.022 | AO25: =AVERAGE(AO3:AO24) -> 1957.8512
Z33: Thresholds
T34: Sacramento River at Freeport (cfs) | V34: San Joaquin River at Vernalis (cfs) | AB34: Sacramento River at Freeport (cfs) | AC34: Flow bin | AD34: San Joaquin River at Vernalis (cfs)
R35: Week 1 | S35: =_xlfn.CONCAT(R35," (",TEXT(A3,"mm/dd/yyyy")," - ",TEXT(A9,"mm/dd/yyyy"),")") -> Week 1 (01/20/2026 - 01/26/2026) | T35: =AVERAGE(B3:B9) -> 35597.714 | U35: =IF(T35<=$AB$35,$AC$35,IF(T35>=$AB$37,$AC$37,$AC$36)) -> hi | V35: =AVERAGE(E3:E9) -> 2417.8571 | W35: =IF(V35<=$AD$35,$AC$35,IF(V35>=$AD$37,$AC$37,$AC$36)) -> med | X35: =_xlfn.CONCAT(U35,W35) -> himed | AA35: <= | AB35: 13145 | AC35: lo | AD35: 1983
R36: Week 2 | S36: =_xlfn.CONCAT(R36," (",TEXT(A10,"mm/dd/yyyy")," - ",TEXT(A16,"mm/dd/yyyy"),")") -> Week 2 (01/27/2026 - 02/02/2026) | T36: =AVERAGE(B10:B16) -> 30393.857 | U36: =IF(T36<=$AB$35,$AC$35,IF(T36>=$AB$37,$AC$37,$AC$36)) -> hi | V36: =AVERAGE(E10:E16) -> 1942.8571 | W36: =IF(V36<=$AD$35,$AC$35,IF(V36>=$AD$37,$AC$37,$AC$36)) -> lo | X36: =_xlfn.CONCAT(U36,W36) -> hilo | AB36: 24725 | AC36: med | AD36: 4096
R37: Week 3 | S37: =_xlfn.CONCAT(R37," (",TEXT(A17,"mm/dd/yyyy")," - ",TEXT(A23,"mm/dd/yyyy"),")") -> Week 3 (02/03/2026 - 02/09/2026) | T37: =AVERAGE(B18:B24) -> 25000 | U37: =IF(T37<=$AB$35,$AC$35,IF(T37>=$AB$37,$AC$37,$AC$36)) -> hi | V37: =AVERAGE(E18:E24) -> 1800 | W37: =IF(V37<=$AD$35,$AC$35,IF(V37>=$AD$37,$AC$37,$AC$36)) -> lo | X37: =_xlfn.CONCAT(U37,W37) -> hilo | AA37: >= | AB37: 24726 | AC37: hi | AD37: 4097
T41: OMR Bins | U41: CVP Exports (cfs) | V41: SWP Exports (cfs) | W41: Total Exports (cfs) | X41: CVP Exports (% of total) | Y41: SWP Exports (% of total))
S42: Week 1 | T42: -6250 | U42: =AVERAGE(N3:N9) -> 4007.1429 | V42: =AVERAGE(K3:K9) -> 3592.2078 | W42: =V42+U42 -> 7599.3506 | X42: =U42/(U42+V42) -> 0.52730069 | Y42: =V42/(V42+U42) -> 0.47269931
T43: -5000 | U43: =AVERAGE(W3:W9) -> 3506.0606 | V43: =AVERAGE(T3:T9) -> 2905.0505 | W43: =V43+U43 -> 6411.1111 | X43: =U43/(U43+V43) -> 0.54687254 | Y43: =V43/(V43+U43) -> 0.45312746
T44: -3250 | U44: =AVERAGE(AF3:AF9) -> 2933.5498 | V44: =AVERAGE(AC3:AC9) -> 2089.2496 | W44: =V44+U44 -> 5022.7994 | X44: =U44/(U44+V44) -> 0.58404677 | Y44: =V44/(V44+U44) -> 0.41595323
T45: -2000 | U45: =AVERAGE(AO3:AO9) -> 2289.6104 | V45: =AVERAGE(AL3:AL9) -> 1302.5253 | W45: =V45+U45 -> 3592.1356 | X45: =U45/(U45+V45) -> 0.6373953 | Y45: =V45/(V45+U45) -> 0.3626047
S46: Week 2 | T46: -6250 | U46: =AVERAGE(N10:N16) -> 4207.5758 | V46: =AVERAGE(K10:K16) -> 3391.7749 | W46: =V46+U46 -> 7599.3506 | X46: =U46/(U46+V46) -> 0.5536757 | Y46: =V46/(V46+U46) -> 0.4463243
T47: -5000 | U47: =AVERAGE(W10:W16) -> 3506.0606 | V47: =AVERAGE(T10:T16) -> 2690.404 | W47: =V47+U47 -> 6196.4646 | X47: =U47/(U47+V47) -> 0.56581628 | Y47: =V47/(V47+U47) -> 0.43418372
T48: -3250 | U48: =AVERAGE(AF10:AF16) -> 2704.5455 | V48: =AVERAGE(AC10:AC16) -> 1860.3896 | W48: =V48+U48 -> 4564.9351 | X48: =U48/(U48+V48) -> 0.59246088 | Y48: =V48/(V48+U48) -> 0.40753912
T49: -2000 | U49: =AVERAGE(AO10:AO16) -> 1803.0303 | V49: =AVERAGE(AL10:AL16) -> 1116.3781 | W49: =V49+U49 -> 2919.4084 | X49: =U49/(U49+V49) -> 0.61760127 | Y49: =V49/(V49+U49) -> 0.38239873
S50: Week 3 | T50: -6250 | U50: =AVERAGE(N18:N24) -> 4207.5758 | V50: =AVERAGE(K18:K24) -> 3306.0606 | W50: =V50+U50 -> 7513.6364 | X50: =U50/(U50+V50) -> 0.55999193 | Y50: =V50/(V50+U50) -> 0.44000807
T51: -5000 | U51: =AVERAGE(W18:W24) -> 3506.0606 | V51: =AVERAGE(T18:T24) -> 2604.5455 | W51: =V51+U51 -> 6110.6061 | X51: =U51/(U51+V51) -> 0.57376643 | Y51: =V51/(V51+U51) -> 0.42623357
T52: -3250 | U52: =AVERAGE(AF18:AF24) -> 2704.5455 | V52: =AVERAGE(AC18:AC24) -> 1803.0303 | W52: =V52+U52 -> 4507.5758 | X52: =U52/(U52+V52) -> 0.6 | Y52: =V52/(V52+U52) -> 0.4
T53: -2000 | U53: =AVERAGE(AO18:AO24) -> 1803.0303 | V53: =AVERAGE(AL18:AL24) -> 1002.0202 | W53: =V53+U53 -> 2805.0505 | X53: =U53/(U53+V53) -> 0.64277998 | Y53: =V53/(V53+U53) -> 0.35722002

Sheet 01_12_OMRI-2000
A1: Forecast start date | D1: VNS-QR | E1: FPT-QR | K1: data type | M1: Data request:
A2: 46042 | B2: af | C2: af | D2: cfs | E2: cfs | F2: cfs | G2: cfs | H2: cfs | I2: cfs | J2: cfs | M2: 31 days of historical measured data prior to forecast date
A3: DATE | B3: CCF | C3: TPP | D3: VNS | E3: FPT | F3: CAL | G3: MOKE | H3: COS | I3: SACWEIR | J3: FREWEIR | M3: 14 days of forecast data after forecast date
A4: 46011 | B4: 10880 | C4: 5275 | D4: 3558 | E4: 13236 | F4: 96 | G4: 281 | H4: 96 | I4: 0 | J4: 0 | K4: Measured
A5: 46012 | B5: 12873 | C5: 6992 | D5: 4848 | E5: 18038 | F5: 166 | G5: 283 | H5: 166 | I5: 0 | J5: 0 | K5: Measured
A6: 46013 | B6: 10892 | C6: 7004 | D6: 5822 | E6: 20977 | F6: 539 | G6: 304 | H6: 539 | I6: 0 | J6: 0 | K6: Measured
A7: 46014 | B7: 14865 | C7: 8224 | D7: 6068 | E7: 33157 | F7: 1043 | G7: 281 | H7: 1043 | I7: 0 | J7: 0 | K7: Measured
A8: 46015 | B8: 7326 | C8: 8072 | D8: 5780 | E8: 47908 | F8: 2010 | G8: 332 | H8: 2010 | I8: 0 | J8: 0 | K8: Measured
A9: 46016 | B9: 3750 | C9: 8097 | D9: 5256 | E9: 52159 | F9: 4172 | G9: 365 | H9: 4172 | I9: 0 | J9: 0 | K9: Measured
A10: 46017 | B10: 8121 | C10: 7031 | D10: 4453 | E10: 57117 | F10: 2982 | G10: 319 | H10: 2982 | I10: 0 | J10: 9183 | K10: Measured
A11: 46018 | B11: 7302 | C11: 6976 | D11: 4074 | E11: 65265 | F11: 1901 | G11: 677 | H11: 1901 | I11: 0 | J11: 37180 | K11: Measured
A12: 46019 | B12: 7119 | C12: 6996 | D12: 3487 | E12: 69619 | F12: 1213 | G12: 757 | H12: 1213 | I12: 0 | J12: 39848 | K12: Measured
A13: 46020 | B13: 3951 | C13: 6991 | D13: 2587 | E13: 69585 | F13: 897 | G13: 767 | H13: 897 | I13: 0 | J13: 30134 | K13: Measured
A14: 46021 | B14: 3569 | C14: 7014 | D14: 2152 | E14: 68553 | F14: 713 | G14: 791 | H14: 713 | I14: 0 | J14: 10944 | K14: Measured
A15: 46022 | B15: 3360 | C15: 7043 | D15: 1934 | E15: 64801 | F15: 598 | G15: 1049 | H15: 598 | I15: 0 | J15: 165 | K15: Measured
... A48: 46055 | B48: 1984 | C48: 3570 | D48: 1800 | E48: 25000 | F48: 280 | G48: 300 | H48: 280 | I48: 0 | J48: 0 | K48: Forecasted
A49: =A48+1 -> 46056 | B49: =B48 -> 1984 | C49: =C48 -> 3570 | D49: =D48 -> 1800 | E49: =E48 -> 25000 | F49: =F48 -> 280 | G49: =G48 -> 300 | H49: =H48 -> 280 | I49: =I48 -> 0 | ... K49: =K48 -> Forecasted
A50: =A49+1 -> 46057 | B50: =B49 -> 1984 | C50: =C49 -> 3570 | D50: =D49 -> 1800 | E50: =E49 -> 25000 | F50: =F49 -> 280 | G50: =G49 -> 300 | H50: =H49 -> 280 | I50: =I49 -> 0 | ... K50: =K49 -> Forecasted
A51: =A50+1 -> 46058 | B51: =B50 -> 1984 | C51: =C50 -> 3570 | D51: =D50 -> 1800 | E51: =E50 -> 25000 | F51: =F50 -> 280 | G51: =G50 -> 300 | H51: =H50 -> 280 | I51: =I50 -> 0 | ... K51: =K50 -> Forecasted
A52: =A51+1 -> 46059 | B52: =B51 -> 1984 | C52: =C51 -> 3570 | D52: =D51 -> 1800 | E52: =E51 -> 25000 | F52: =F51 -> 280 | G52: =G51 -> 300 | H52: =H51 -> 280 | I52: =I51 -> 0 | ... K52: =K51 -> Forecasted
A53: =A52+1 -> 46060 | B53: =B52 -> 1984 | C53: =C52 -> 3570 | D53: =D52 -> 1800 | E53: =E52 -> 25000 | F53: =F52 -> 280 | G53: =G52 -> 300 | H53: =H52 -> 280 | I53: =I52 -> 0 | ... K53: =K52 -> Forecasted
A54: =A53+1 -> 46061 | B54: =B53 -> 1984 | C54: =C53 -> 3570 | D54: =D53 -> 1800 | E54: =E53 -> 25000 | F54: =F53 -> 280 | G54: =G53 -> 300 | H54: =H53 -> 280 | I54: =I53 -> 0 | ... K54: =K53 -> Forecasted
A55: =A54+1 -> 46062 | B55: =B54 -> 1984 | C55: =C54 -> 3570 | D55: =D54 -> 1800 | E55: =E54 -> 25000 | F55: =F54 -> 280 | G55: =G54 -> 300 | H55: =H54 -> 280 | I55: =I54 -> 0 | ... K55: =K54 -> Forecasted
A56: =A55+1 -> 46063 | B56: =B55 -> 1984 | C56: =C55 -> 3570 | D56: =D55 -> 1800 | E56: =E55 -> 25000 | F56: =F55 -> 280 | G56: =G55 -> 300 | H56: =H55 -> 280 | I56: =I55 -> 0 | ... K56: =K55 -> Forecasted

Sheet 01_12_OMRI -3500
A1: Forecast start date | D1: VNS-QR | E1: FPT-QR | K1: data type | M1: Data request:
A2: 46042 | B2: af | C2: af | D2: cfs | E2: cfs | F2: cfs | G2: cfs | H2: cfs | I2: cfs | J2: cfs | M2: 31 days of historical measured data prior to forecast date
A3: DATE | B3: CCF | C3: TPP | D3: VNS | E3: FPT | F3: CAL | G3: MOKE | H3: COS | I3: SACWEIR | J3: FREWEIR | M3: 14 days of forecast data after forecast date
A4: 46011 | B4: 10880 | C4: 5275 | D4: 3558 | E4: 13236 | F4: 96 | G4: 281 | H4: 96 | I4: 0 | J4: 0 | K4: Measured
A5: 46012 | B5: 12873 | C5: 6992 | D5: 4848 | E5: 18038 | F5: 166 | G5: 283 | H5: 166 | I5: 0 | J5: 0 | K5: Measured
A6: 46013 | B6: 10892 | C6: 7004 | D6: 5822 | E6: 20977 | F6: 539 | G6: 304 | H6: 539 | I6: 0 | J6: 0 | K6: Measured
A7: 46014 | B7: 14865 | C7: 8224 | D7: 6068 | E7: 33157 | F7: 1043 | G7: 281 | H7: 1043 | I7: 0 | J7: 0 | K7: Measured
A8: 46015 | B8: 7326 | C8: 8072 | D8: 5780 | E8: 47908 | F8: 2010 | G8: 332 | H8: 2010 | I8: 0 | J8: 0 | K8: Measured
A9: 46016 | B9: 3750 | C9: 8097 | D9: 5256 | E9: 52159 | F9: 4172 | G9: 365 | H9: 4172 | I9: 0 | J9: 0 | K9: Measured
A10: 46017 | B10: 8121 | C10: 7031 | D10: 4453 | E10: 57117 | F10: 2982 | G10: 319 | H10: 2982 | I10: 0 | J10: 9183 | K10: Measured
A11: 46018 | B11: 7302 | C11: 6976 | D11: 4074 | E11: 65265 | F11: 1901 | G11: 677 | H11: 1901 | I11: 0 | J11: 37180 | K11: Measured
A12: 46019 | B12: 7119 | C12: 6996 | D12: 3487 | E12: 69619 | F12: 1213 | G12: 757 | H12: 1213 | I12: 0 | J12: 39848 | K12: Measured
A13: 46020 | B13: 3951 | C13: 6991 | D13: 2587 | E13: 69585 | F13: 897 | G13: 767 | H13: 897 | I13: 0 | J13: 30134 | K13: Measured
A14: 46021 | B14: 3569 | C14: 7014 | D14: 2152 | E14: 68553 | F14: 713 | G14: 791 | H14: 713 | I14: 0 | J14: 10944 | K14: Measured
A15: 46022 | B15: 3360 | C15: 7043 | D15: 1934 | E15: 64801 | F15: 598 | G15: 1049 | H15: 598 | I15: 0 | J15: 165 | K15: Measured
... A48: 46055 | B48: 3570 | C48: 5355 | D48: 1800 | E48: 25000 | F48: 280 | G48: 300 | H48: 280 | I48: 0 | J48: 0 | K48: Forecasted
A49: =A48+1 -> 46056 | B49: =B48 -> 3570 | C49: =C48 -> 5355 | D49: =D48 -> 1800 | E49: =E48 -> 25000 | F49: =F48 -> 280 | G49: =G48 -> 300 | H49: =H48 -> 280 | I49: =I48 -> 0 | ... K49: =K48 -> Forecasted
A50: =A49+1 -> 46057 | B50: =B49 -> 3570 | C50: =C49 -> 5355 | D50: =D49 -> 1800 | E50: =E49 -> 25000 | F50: =F49 -> 280 | G50: =G49 -> 300 | H50: =H49 -> 280 | I50: =I49 -> 0 | ... K50: =K49 -> Forecasted
A51: =A50+1 -> 46058 | B51: =B50 -> 3570 | C51: =C50 -> 5355 | D51: =D50 -> 1800 | E51: =E50 -> 25000 | F51: =F50 -> 280 | G51: =G50 -> 300 | H51: =H50 -> 280 | I51: =I50 -> 0 | ... K51: =K50 -> Forecasted
A52: =A51+1 -> 46059 | B52: =B51 -> 3570 | C52: =C51 -> 5355 | D52: =D51 -> 1800 | E52: =E51 -> 25000 | F52: =F51 -> 280 | G52: =G51 -> 300 | H52: =H51 -> 280 | I52: =I51 -> 0 | ... K52: =K51 -> Forecasted
A53: =A52+1 -> 46060 | B53: =B52 -> 3570 | C53: =C52 -> 5355 | D53: =D52 -> 1800 | E53: =E52 -> 25000 | F53: =F52 -> 280 | G53: =G52 -> 300 | H53: =H52 -> 280 | I53: =I52 -> 0 | ... K53: =K52 -> Forecasted
A54: =A53+1 -> 46061 | B54: =B53 -> 3570 | C54: =C53 -> 5355 | D54: =D53 -> 1800 | E54: =E53 -> 25000 | F54: =F53 -> 280 | G54: =G53 -> 300 | H54: =H53 -> 280 | I54: =I53 -> 0 | ... K54: =K53 -> Forecasted
A55: =A54+1 -> 46062 | B55: =B54 -> 3570 | C55: =C54 -> 5355 | D55: =D54 -> 1800 | E55: =E54 -> 25000 | F55: =F54 -> 280 | G55: =G54 -> 300 | H55: =H54 -> 280 | I55: =I54 -> 0 | ... K55: =K54 -> Forecasted
A56: =A55+1 -> 46063 | B56: =B55 -> 3570 | C56: =C55 -> 5355 | D56: =D55 -> 1800 | E56: =E55 -> 25000 | F56: =F55 -> 280 | G56: =G55 -> 300 | H56: =H55 -> 280 | I56: =I55 -> 0 | ... K56: =K55 -> Forecasted

Sheet 01_20_OMRI -5000
A1: Forecast start date | D1: VNS-QR | E1: FPT-QR | K1: data type | M1: Data request:
A2: 46042 | B2: af | C2: af | D2: cfs | E2: cfs | F2: cfs | G2: cfs | H2: cfs | I2: cfs | J2: cfs | M2: 31 days of historical measured data prior to forecast date
A3: DATE | B3: CCF | C3: TPP | D3: VNS | E3: FPT | F3: CAL | G3: MOKE | H3: COS | I3: SACWEIR | J3: FREWEIR | M3: 14 days of forecast data after forecast date
A4: 46011 | B4: 10880 | C4: 5275 | D4: 3558 | E4: 13236 | F4: 96 | G4: 281 | H4: 96 | I4: 0 | J4: 0 | K4: Measured
A5: 46012 | B5: 12873 | C5: 6992 | D5: 4848 | E5: 18038 | F5: 166 | G5: 283 | H5: 166 | I5: 0 | J5: 0 | K5: Measured
A6: 46013 | B6: 10892 | C6: 7004 | D6: 5822 | E6: 20977 | F6: 539 | G6: 304 | H6: 539 | I6: 0 | J6: 0 | K6: Measured
A7: 46014 | B7: 14865 | C7: 8224 | D7: 6068 | E7: 33157 | F7: 1043 | G7: 281 | H7: 1043 | I7: 0 | J7: 0 | K7: Measured
A8: 46015 | B8: 7326 | C8: 8072 | D8: 5780 | E8: 47908 | F8: 2010 | G8: 332 | H8: 2010 | I8: 0 | J8: 0 | K8: Measured
A9: 46016 | B9: 3750 | C9: 8097 | D9: 5256 | E9: 52159 | F9: 4172 | G9: 365 | H9: 4172 | I9: 0 | J9: 0 | K9: Measured
A10: 46017 | B10: 8121 | C10: 7031 | D10: 4453 | E10: 57117 | F10: 2982 | G10: 319 | H10: 2982 | I10: 0 | J10: 9183 | K10: Measured
A11: 46018 | B11: 7302 | C11: 6976 | D11: 4074 | E11: 65265 | F11: 1901 | G11: 677 | H11: 1901 | I11: 0 | J11: 37180 | K11: Measured
A12: 46019 | B12: 7119 | C12: 6996 | D12: 3487 | E12: 69619 | F12: 1213 | G12: 757 | H12: 1213 | I12: 0 | J12: 39848 | K12: Measured
A13: 46020 | B13: 3951 | C13: 6991 | D13: 2587 | E13: 69585 | F13: 897 | G13: 767 | H13: 897 | I13: 0 | J13: 30134 | K13: Measured
A14: 46021 | B14: 3569 | C14: 7014 | D14: 2152 | E14: 68553 | F14: 713 | G14: 791 | H14: 713 | I14: 0 | J14: 10944 | K14: Measured
A15: 46022 | B15: 3360 | C15: 7043 | D15: 1934 | E15: 64801 | F15: 598 | G15: 1049 | H15: 598 | I15: 0 | J15: 165 | K15: Measured
... A48: 46055 | B48: 5157 | C48: 6942 | D48: 1800 | E48: 25000 | F48: 280 | G48: 300 | H48: 280 | I48: 0 | J48: 0 | K48: Forecasted
A49: =A48+1 -> 46056 | B49: =B48 -> 5157 | C49: =C48 -> 6942 | D49: =D48 -> 1800 | E49: =E48 -> 25000 | F49: =F48 -> 280 | G49: =G48 -> 300 | H49: =H48 -> 280 | I49: =I48 -> 0 | ... K49: =K48 -> Forecasted
A50: =A49+1 -> 46057 | B50: =B49 -> 5157 | C50: =C49 -> 6942 | D50: =D49 -> 1800 | E50: =E49 -> 25000 | F50: =F49 -> 280 | G50: =G49 -> 300 | H50: =H49 -> 280 | I50: =I49 -> 0 | ... K50: =K49 -> Forecasted
A51: =A50+1 -> 46058 | B51: =B50 -> 5157 | C51: =C50 -> 6942 | D51: =D50 -> 1800 | E51: =E50 -> 25000 | F51: =F50 -> 280 | G51: =G50 -> 300 | H51: =H50 -> 280 | I51: =I50 -> 0 | ... K51: =K50 -> Forecasted
A52: =A51+1 -> 46059 | B52: =B51 -> 5157 | C52: =C51 -> 6942 | D52: =D51 -> 1800 | E52: =E51 -> 25000 | F52: =F51 -> 280 | G52: =G51 -> 300 | H52: =H51 -> 280 | I52: =I51 -> 0 | ... K52: =K51 -> Forecasted
A53: =A52+1 -> 46060 | B53: =B52 -> 5157 | C53: =C52 -> 6942 | D53: =D52 -> 1800 | E53: =E52 -> 25000 | F53: =F52 -> 280 | G53: =G52 -> 300 | H53: =H52 -> 280 | I53: =I52 -> 0 | ... K53: =K52 -> Forecasted
A54: =A53+1 -> 46061 | B54: =B53 -> 5157 | C54: =C53 -> 6942 | D54: =D53 -> 1800 | E54: =E53 -> 25000 | F54: =F53 -> 280 | G54: =G53 -> 300 | H54: =H53 -> 280 | I54: =I53 -> 0 | ... K54: =K53 -> Forecasted
A55: =A54+1 -> 46062 | B55: =B54 -> 5157 | C55: =C54 -> 6942 | D55: =D54 -> 1800 | E55: =E54 -> 25000 | F55: =F54 -> 280 | G55: =G54 -> 300 | H55: =H54 -> 280 | I55: =I54 -> 0 | ... K55: =K54 -> Forecasted
A56: =A55+1 -> 46063 | B56: =B55 -> 5157 | C56: =C55 -> 6942 | D56: =D55 -> 1800 | E56: =E55 -> 25000 | F56: =F55 -> 280 | G56: =G55 -> 300 | H56: =H55 -> 280 | I56: =I55 -> 0 | ... K56: =K55 -> Forecasted

Sheet 01_20_OMRI -6250
A1: Forecast start date | D1: VNS-QR | E1: FPT-QR | K1: data type | M1: Data request:
A2: 46042 | B2: af | C2: af | D2: cfs | E2: cfs | F2: cfs | G2: cfs | H2: cfs | I2: cfs | J2: cfs | M2: 31 days of historical measured data prior to forecast date
A3: DATE | B3: CCF | C3: TPP | D3: VNS | E3: FPT | F3: CAL | G3: MOKE | H3: COS | I3: SACWEIR | J3: FREWEIR | M3: 14 days of forecast data after forecast date
A4: 46011 | B4: 10880 | C4: 5275 | D4: 3558 | E4: 13236 | F4: 96 | G4: 281 | H4: 96 | I4: 0 | J4: 0 | K4: Measured
A5: 46012 | B5: 12873 | C5: 6992 | D5: 4848 | E5: 18038 | F5: 166 | G5: 283 | H5: 166 | I5: 0 | J5: 0 | K5: Measured
A6: 46013 | B6: 10892 | C6: 7004 | D6: 5822 | E6: 20977 | F6: 539 | G6: 304 | H6: 539 | I6: 0 | J6: 0 | K6: Measured
A7: 46014 | B7: 14865 | C7: 8224 | D7: 6068 | E7: 33157 | F7: 1043 | G7: 281 | H7: 1043 | I7: 0 | J7: 0 | K7: Measured
A8: 46015 | B8: 7326 | C8: 8072 | D8: 5780 | E8: 47908 | F8: 2010 | G8: 332 | H8: 2010 | I8: 0 | J8: 0 | K8: Measured
A9: 46016 | B9: 3750 | C9: 8097 | D9: 5256 | E9: 52159 | F9: 4172 | G9: 365 | H9: 4172 | I9: 0 | J9: 0 | K9: Measured
A10: 46017 | B10: 8121 | C10: 7031 | D10: 4453 | E10: 57117 | F10: 2982 | G10: 319 | H10: 2982 | I10: 0 | J10: 9183 | K10: Measured
A11: 46018 | B11: 7302 | C11: 6976 | D11: 4074 | E11: 65265 | F11: 1901 | G11: 677 | H11: 1901 | I11: 0 | J11: 37180 | K11: Measured
A12: 46019 | B12: 7119 | C12: 6996 | D12: 3487 | E12: 69619 | F12: 1213 | G12: 757 | H12: 1213 | I12: 0 | J12: 39848 | K12: Measured
A13: 46020 | B13: 3951 | C13: 6991 | D13: 2587 | E13: 69585 | F13: 897 | G13: 767 | H13: 897 | I13: 0 | J13: 30134 | K13: Measured
A14: 46021 | B14: 3569 | C14: 7014 | D14: 2152 | E14: 68553 | F14: 713 | G14: 791 | H14: 713 | I14: 0 | J14: 10944 | K14: Measured
A15: 46022 | B15: 3360 | C15: 7043 | D15: 1934 | E15: 64801 | F15: 598 | G15: 1049 | H15: 598 | I15: 0 | J15: 165 | K15: Measured
... A48: 46055 | B48: 6546 | C48: 8331 | D48: 1800 | E48: 25000 | F48: 280 | G48: 300 | H48: 280 | I48: 0 | J48: 0 | K48: Forecasted
A49: =A48+1 -> 46056 | B49: =B48 -> 6546 | C49: =C48 -> 8331 | D49: =D48 -> 1800 | E49: =E48 -> 25000 | F49: =F48 -> 280 | G49: =G48 -> 300 | H49: =H48 -> 280 | I49: =I48 -> 0 | ... K49: =K48 -> Forecasted
A50: =A49+1 -> 46057 | B50: =B49 -> 6546 | C50: =C49 -> 8331 | D50: =D49 -> 1800 | E50: =E49 -> 25000 | F50: =F49 -> 280 | G50: =G49 -> 300 | H50: =H49 -> 280 | I50: =I49 -> 0 | ... K50: =K49 -> Forecasted
A51: =A50+1 -> 46058 | B51: =B50 -> 6546 | C51: =C50 -> 8331 | D51: =D50 -> 1800 | E51: =E50 -> 25000 | F51: =F50 -> 280 | G51: =G50 -> 300 | H51: =H50 -> 280 | I51: =I50 -> 0 | ... K51: =K50 -> Forecasted
A52: =A51+1 -> 46059 | B52: =B51 -> 6546 | C52: =C51 -> 8331 | D52: =D51 -> 1800 | E52: =E51 -> 25000 | F52: =F51 -> 280 | G52: =G51 -> 300 | H52: =H51 -> 280 | I52: =I51 -> 0 | ... K52: =K51 -> Forecasted
A53: =A52+1 -> 46060 | B53: =B52 -> 6546 | C53: =C52 -> 8331 | D53: =D52 -> 1800 | E53: =E52 -> 25000 | F53: =F52 -> 280 | G53: =G52 -> 300 | H53: =H52 -> 280 | I53: =I52 -> 0 | ... K53: =K52 -> Forecasted
A54: =A53+1 -> 46061 | B54: =B53 -> 6546 | C54: =C53 -> 8331 | D54: =D53 -> 1800 | E54: =E53 -> 25000 | F54: =F53 -> 280 | G54: =G53 -> 300 | H54: =H53 -> 280 | I54: =I53 -> 0 | ... K54: =K53 -> Forecasted
A55: =A54+1 -> 46062 | B55: =B54 -> 6546 | C55: =C54 -> 8331 | D55: =D54 -> 1800 | E55: =E54 -> 25000 | F55: =F54 -> 280 | G55: =G54 -> 300 | H55: =H54 -> 280 | I55: =I54 -> 0 | ... K55: =K54 -> Forecasted
A56: =A55+1 -> 46063 | B56: =B55 -> 6546 | C56: =C55 -> 8331 | D56: =D55 -> 1800 | E56: =E55 -> 25000 | F56: =F55 -> 280 | G56: =G55 -> 300 | H56: =H55 -> 280 | I56: =I55 -> 0 | ... K56: =K55 -> Forecasted
