Workbook
Name TableName: "Dummy"

Sheet plot_example
B1: cfs | E1: cfs | H1: OMR = -6250 | Q1: OMR = -5000 | Z1: OMR = -3500 | AL1: OMR = -2000 | AR1: tpp/ccf | AS1: 6250 | AT1: 5000 | AU1: 3250 | AV1: 2000
B2: FPT | C2: FPT Measured | D2: FPT Forecast | E2: VNS | F2: VNS Measured | G2: VNS Forecast | H2: OMR (cfs) | K2: CCF (af) | N2: TPP (af) | Q2: OMR (cfs) | T2: CCF (af) | W2: TPP (af) | Z2: OMR (cfs) | AC2: CCF (af) | AF2: TPP (af) | AI2: OMR (cfs) | AL2: CCF (af) | AO2: TPP (af)
A3: 46021 | B3: ='01_05_OMRI -2000'!E29 -> 64801 | C3: =B3 -> 64801 | E3: ='01_05_OMRI -2000'!D29 -> 2152 | F3: =E3 -> 2152 | H3: =-6250 -> -6250 | I3: =H3 -> -6250 | K3: ='01_05_OMRI -6250'!B29 -> 6000 | L3: =K3 -> 6000 | N3: ='01_05_OMRI -6250'!C29 -> 8400 | O3: =N3 -> 8400 | Q3: -5000 | R3: =Q3 -> -5000 | T3: ='01_05_OMRI -5000'!B29 -> 3569 | U3: =T3 -> 3569 | W3: ='01_05_OMRI -5000'!C29 -> 7014 | X3: =W3 -> 7014 | Z3: -3500 | AA3: =Z3 -> -3500 | AC3: ='01_05_OMRI -3500'!B29 -> 3569 | AD3: =AC3 -> 3569 | AF3: ='01_05_OMRI -3500'!C29 -> 7014 | AG3: =AF3 -> 7014 | AI3: -2000 | AJ3: =AI3 -> -2000 | AL3: ='01_05_OMRI -2000'!B29 -> 3569 | AM3: =AL3 -> 3569 | AO3: ='01_05_OMRI -2000'!C29 -> 7014 | AP3: =AO3 -> 7014 | AS3: =N3/(K3+N3) -> 0.58333333 | AT3: =W3/(T3+W3) -> 0.66276103 | AU3: =AF3/(AC3+AF3) -> 0.66276103 | AV3: =AO3/(AL3+AO3) -> 0.66276103
A4: =A3+1 -> 46022 | B4: ='01_05_OMRI -2000'!E30 -> 61200 | C4: =B4 -> 61200 | E4: ='01_05_OMRI -2000'!D30 -> 1934 | F4: =E4 -> 1934 | H4: =-6250 -> -6250 | I4: =H4 -> -6250 | K4: ='01_05_OMRI -6250'!B30 -> 6000 | L4: =K4 -> 6000 | N4: ='01_05_OMRI -6250'!C30 -> 8400 | O4: =N4 -> 8400 | Q4: -5000 | R4: =Q4 -> -5000 | T4: ='01_05_OMRI -5000'!B30 -> 3360 | U4: =T4 -> 3360 | W4: ='01_05_OMRI -5000'!C30 -> 7043 | X4: =W4 -> 7043 | Z4: -3500 | AA4: =Z4 -> -3500 | AC4: ='01_05_OMRI -3500'!B30 -> 3360 | AD4: =AC4 -> 3360 | AF4: ='01_05_OMRI -3500'!C30 -> 7043 | AG4: =AF4 -> 7043 | AI4: -2000 | AJ4: =AI4 -> -2000 | AL4: ='01_05_OMRI -2000'!B30 -> 3360 | AM4: =AL4 -> 3360 | AO4: ='01_05_OMRI -2000'!C30 -> 7043 | AP4: =AO4 -> 7043 | AS4: =N4/(K4+N4) -> 0.58333333 | AT4: =W4/(T4+W4) -> 0.67701625 | AU4: =AF4/(AC4+AF4) -> 0.67701625 | AV4: =AO4/(AL4+AO4) -> 0.67701625
A5: =A4+1 -> 46023 | B5: ='01_05_OMRI -2000'!E31 -> 56858 | C5: =B5 -> 56858 | E5: ='01_05_OMRI -2000'!D31 -> 1874 | F5: =E5 -> 1874 | H5: =-6250 -> -6250 | I5: =H5 -> -6250 | K5: ='01_05_OMRI -6250'!B31 -> 6400 | L5: =K5 -> 6400 | N5: ='01_05_OMRI -6250'!C31 -> 8400 | O5: =N5 -> 8400 | Q5: -5000 | R5: =Q5 -> -5000 | T5: ='01_05_OMRI -5000'!B31 -> 3355 | U5: =T5 -> 3355 | W5: ='01_05_OMRI -5000'!C31 -> 7087 | X5: =W5 -> 7087 | Z5: -3500 | AA5: =Z5 -> -3500 | AC5: ='01_05_OMRI -3500'!B31 -> 3355 | AD5: =AC5 -> 3355 | AF5: ='01_05_OMRI -3500'!C31 -> 7087 | AG5: =AF5 -> 7087 | AI5: -2000 | AJ5: =AI5 -> -2000 | AL5: ='01_05_OMRI -2000'!B31 -> 3355 | AM5: =AL5 -> 3355 | AO5: ='01_05_OMRI -2000'!C31 -> 7087 | AP5: =AO5 -> 7087 | AS5: =N5/(K5+N5) -> 0.56756757 | AT5: =W5/(T5+W5) -> 0.6787014 | AU5: =AF5/(AC5+AF5) -> 0.6787014 | AV5: =AO5/(AL5+AO5) -> 0.6787014
A6: =A5+1 -> 46024 | B6: ='01_05_OMRI -2000'!E32 -> 53809 | C6: =B6 -> 53809 | E6: ='01_05_OMRI -2000'!D32 -> 1928 | F6: =E6 -> 1928 | H6: =-6250 -> -6250 | I6: =H6 -> -6250 | K6: ='01_05_OMRI -6250'!B32 -> 6400 | L6: =K6 -> 6400 | N6: ='01_05_OMRI -6250'!C32 -> 8400 | O6: =N6 -> 8400 | Q6: -5000 | R6: =Q6 -> -5000 | T6: ='01_05_OMRI -5000'!B32 -> 3355 | U6: =T6 -> 3355 | W6: ='01_05_OMRI -5000'!C32 -> 7016 | X6: =W6 -> 7016 | Z6: -3500 | AA6: =Z6 -> -3500 | AC6: ='01_05_OMRI -3500'!B32 -> 3355 | AD6: =AC6 -> 3355 | AF6: ='01_05_OMRI -3500'!C32 -> 7016 | AG6: =AF6 -> 7016 | AI6: -2000 | AJ6: =AI6 -> -2000 | AL6: ='01_05_OMRI -2000'!B32 -> 3355 | AM6: =AL6 -> 3355 | AO6: ='01_05_OMRI -2000'!C32 -> 7016 | AP6: =AO6 -> 7016 | AS6: =N6/(K6+N6) -> 0.56756757 | AT6: =W6/(T6+W6) -> 0.67650178 | AU6: =AF6/(AC6+AF6) -> 0.67650178 | AV6: =AO6/(AL6+AO6) -> 0.67650178
A7: =A6+1 -> 46025 | B7: ='01_05_OMRI -2000'!E33 -> 55873 | C7: =B7 -> 55873 | E7: ='01_05_OMRI -2000'!D33 -> 2495 | F7: =E7 -> 2495 | H7: =-6250 -> -6250 | I7: =H7 -> -6250 | K7: ='01_05_OMRI -6250'!B33 -> 6500 | L7: =K7 -> 6500 | N7: ='01_05_OMRI -6250'!C33 -> 8400 | O7: =N7 -> 8400 | Q7: -5000 | R7: =Q7 -> -5000 | T7: ='01_05_OMRI -5000'!B33 -> 3168 | U7: =T7 -> 3168 | W7: ='01_05_OMRI -5000'!C33 -> 5389 | X7: =W7 -> 5389 | Z7: -3500 | AA7: =Z7 -> -3500 | AC7: ='01_05_OMRI -3500'!B33 -> 3168 | AD7: =AC7 -> 3168 | AF7: ='01_05_OMRI -3500'!C33 -> 5389 | AG7: =AF7 -> 5389 | AI7: -2000 | AJ7: =AI7 -> -2000 | AL7: ='01_05_OMRI -2000'!B33 -> 3168 | AM7: =AL7 -> 3168 | AO7: ='01_05_OMRI -2000'!C33 -> 5389 | AP7: =AO7 -> 5389 | AS7: =N7/(K7+N7) -> 0.56375839 | AT7: =W7/(T7+W7) -> 0.62977679 | AU7: =AF7/(AC7+AF7) -> 0.62977679 | AV7: =AO7/(AL7+AO7) -> 0.62977679
A8: =A7+1 -> 46026 | B8: ='01_05_OMRI -2000'!E34 -> 67019 | C8: =B8 -> 67019 | D8: =C8 -> 67019 | E8: ='01_05_OMRI -2000'!D34 -> 2583 | F8: =E8 -> 2583 | G8: =E8 -> 2583 | H8: =-6250 -> -6250 | I8: =H8 -> -6250 | J8: =H8 -> -6250 | K8: ='01_05_OMRI -6250'!B34 -> 7100 | L8: =K8 -> 7100 | M8: =K8 -> 7100 | N8: ='01_05_OMRI -6250'!C34 -> 8400 | O8: =N8 -> 8400 | P8: =N8 -> 8400 | Q8: -5000 | R8: =Q8 -> -5000 | S8: =Q8 -> -5000 | T8: ='01_05_OMRI -5000'!B34 -> 7135 | U8: =T8 -> 7135 | V8: =T8 -> 7135 | W8: ='01_05_OMRI -5000'!C34 -> 5338 | X8: =W8 -> 5338 | Y8: =W8 -> 5338 | Z8: -3500 | AA8: =Z8 -> -3500 | AB8: =Z8 -> -3500 | AC8: ='01_05_OMRI -3500'!B34 -> 7135 | AD8: =AC8 -> 7135 | AE8: =AC8 -> 7135 | AF8: ='01_05_OMRI -3500'!C34 -> 5338 | AG8: =AF8 -> 5338 | AH8: =AF8 -> 5338 | AI8: -2000 | AJ8: =AI8 -> -2000 | AK8: =AI8 -> -2000 | AL8: ='01_05_OMRI -2000'!B34 -> 7135 | AM8: =AL8 -> 7135 | AN8: =AL8 -> 7135 | AO8: ='01_05_OMRI -2000'!C34 -> 5338 | AP8: =AO8 -> 5338 | AQ8: =AO8 -> 5338 | AS8: =N8/(K8+N8) -> 0.54193548 | AT8: =W8/(T8+W8) -> 0.4279644 | AU8: =AF8/(AC8+AF8) -> 0.4279644 | AV8: =AO8/(AL8+AO8) -> 0.4279644
A9: =A8+1 -> 46027 | B9: ='01_05_OMRI -2000'!E35 -> 75792 | D9: =B9 -> 75792 | E9: ='01_05_OMRI -2000'!D35 -> 3278 | G9: =E9 -> 3278 | H9: =-6250 -> -6250 | J9: =H9 -> -6250 | K9: ='01_05_OMRI -6250'!B35 -> 7100 | M9: =K9 -> 7100 | N9: ='01_05_OMRI -6250'!C35 -> 8400 | P9: =N9 -> 8400 | Q9: -5000 | S9: =Q9 -> -5000 | T9: ='01_05_OMRI -5000'!B35 -> 5554 | V9: =T9 -> 5554 | W9: ='01_05_OMRI -5000'!C35 -> 6942 | Y9: =W9 -> 6942 | Z9: -3500 | AB9: =Z9 -> -3500 | AC9: ='01_05_OMRI -3500'!B35 -> 4165 | AE9: =AC9 -> 4165 | AF9: ='01_05_OMRI -3500'!C35 -> 6942 | AH9: =AF9 -> 6942 | AI9: -2000 | AK9: =AI9 -> -2000 | AL9: ='01_05_OMRI -2000'!B35 -> 2579 | AN9: =AL9 -> 2579 | AO9: ='01_05_OMRI -2000'!C35 -> 6942 | AQ9: =AO9 -> 6942 | AS9: =N9/(K9+N9) -> 0.54193548 | AT9: =W9/(T9+W9) -> 0.55553777 | AU9: =AF9/(AC9+AF9) -> 0.62501125 | AV9: =AO9/(AL9+AO9) -> 0.72912509
A10: =A9+1 -> 46028 | B10: ='01_05_OMRI -2000'!E36 -> 75535 | D10: =B10 -> 75535 | E10: ='01_05_OMRI -2000'!D36 -> 5826 | G10: =E10 -> 5826 | H10: =-6250 -> -6250 | J10: =H10 -> -6250 | K10: ='01_05_OMRI -6250'!B36 -> 7600 | M10: =K10 -> 7600 | N10: ='01_05_OMRI -6250'!C36 -> 8800 | P10: =N10 -> 8800 | Q10: -5000 | S10: =Q10 -> -5000 | T10: ='01_05_OMRI -5000'!B36 -> 6347 | V10: =T10 -> 6347 | W10: ='01_05_OMRI -5000'!C36 -> 6942 | Y10: =W10 -> 6942 | Z10: -3500 | AB10: =Z10 -> -3500 | AC10: ='01_05_OMRI -3500'!B36 -> 4760 | AE10: =AC10 -> 4760 | AF10: ='01_05_OMRI -3500'!C36 -> 6942 | AH10: =AF10 -> 6942 | AI10: -2000 | AK10: =AI10 -> -2000 | AL10: ='01_05_OMRI -2000'!B36 -> 3372 | AN10: =AL10 -> 3372 | AO10: ='01_05_OMRI -2000'!C36 -> 6942 | AQ10: =AO10 -> 6942 | AS10: =N10/(K10+N10) -> 0.53658537 | AT10: =W10/(T10+W10) -> 0.52238694 | AU10: =AF10/(AC10+AF10) -> 0.59323193 | AV10: =AO10/(AL10+AO10) -> 0.67306574
A11: =A10+1 -> 46029 | B11: ='01_05_OMRI -2000'!E37 -> 74943 | D11: =B11 -> 74943 | E11: ='01_05_OMRI -2000'!D37 -> 4254 | G11: =E11 -> 4254 | H11: =-6250 -> -6250 | J11: =H11 -> -6250 | K11: ='01_05_OMRI -6250'!B37 -> 9800 | M11: =K11 -> 9800 | N11: ='01_05_OMRI -6250'!C37 -> 9124 | P11: =N11 -> 9124 | Q11: -5000 | S11: =Q11 -> -5000 | T11: ='01_05_OMRI -5000'!B37 -> 7537 | V11: =T11 -> 7537 | W11: ='01_05_OMRI -5000'!C37 -> 8331 | Y11: =W11 -> 8331 | Z11: -3500 | AB11: =Z11 -> -3500 | AC11: ='01_05_OMRI -3500'!B37 -> 5951 | AE11: =AC11 -> 5951 | AF11: ='01_05_OMRI -3500'!C37 -> 6942 | AH11: =AF11 -> 6942 | AI11: -2000 | AK11: =AI11 -> -2000 | AL11: ='01_05_OMRI -2000'!B37 -> 4165 | AN11: =AL11 -> 4165 | AO11: ='01_05_OMRI -2000'!C37 -> 5355 | AQ11: =AO11 -> 5355 | AS11: =N11/(K11+N11) -> 0.48213908 | AT11: =W11/(T11+W11) -> 0.52501891 | AU11: =AF11/(AC11+AF11) -> 0.53843171 | AV11: =AO11/(AL11+AO11) -> 0.5625
A12: =A11+1 -> 46030 | B12: ='01_05_OMRI -2000'!E38 -> 74302 | D12: =B12 -> 74302 | E12: ='01_05_OMRI -2000'!D38 -> 3382 | G12: =E12 -> 3382 | H12: =-6250 -> -6250 | J12: =H12 -> -6250 | K12: ='01_05_OMRI -6250'!B38 -> 8300 | M12: =K12 -> 8300 | N12: ='01_05_OMRI -6250'!C38 -> 9124 | P12: =N12 -> 9124 | Q12: -5000 | S12: =Q12 -> -5000 | T12: ='01_05_OMRI -5000'!B38 -> 6149 | V12: =T12 -> 6149 | W12: ='01_05_OMRI -5000'!C38 -> 8331 | Y12: =W12 -> 8331 | Z12: -3500 | AB12: =Z12 -> -3500 | AC12: ='01_05_OMRI -3500'!B38 -> 4165 | AE12: =AC12 -> 4165 | AF12: ='01_05_OMRI -3500'!C38 -> 6942 | AH12: =AF12 -> 6942 | AI12: -2000 | AK12: =AI12 -> -2000 | AL12: ='01_05_OMRI -2000'!B38 -> 4364 | AN12: =AL12 -> 4364 | AO12: ='01_05_OMRI -2000'!C38 -> 3570 | AQ12: =AO12 -> 3570 | AS12: =N12/(K12+N12) -> 0.52364555 | AT12: =W12/(T12+W12) -> 0.5753453 | AU12: =AF12/(AC12+AF12) -> 0.62501125 | AV12: =AO12/(AL12+AO12) -> 0.44996219
A13: =A12+1 -> 46031 | B13: ='01_05_OMRI -2000'!E39 -> 73450 | D13: =B13 -> 73450 | E13: ='01_05_OMRI -2000'!D39 -> 3043 | G13: =E13 -> 3043 | H13: =-6250 -> -6250 | J13: =H13 -> -6250 | K13: ='01_05_OMRI -6250'!B39 -> 7400 | M13: =K13 -> 7400 | N13: ='01_05_OMRI -6250'!C39 -> 9124 | P13: =N13 -> 9124 | Q13: -5000 | S13: =Q13 -> -5000 | T13: ='01_05_OMRI -5000'!B39 -> 5355 | V13: =T13 -> 5355 | W13: ='01_05_OMRI -5000'!C39 -> 8331 | Y13: =W13 -> 8331 | Z13: -3500 | AB13: =Z13 -> -3500 | AC13: ='01_05_OMRI -3500'!B39 -> 4959 | AE13: =AC13 -> 4959 | AF13: ='01_05_OMRI -3500'!C39 -> 5355 | AH13: =AF13 -> 5355 | AI13: -2000 | AK13: =AI13 -> -2000 | AL13: ='01_05_OMRI -2000'!B39 -> 3570 | AN13: =AL13 -> 3570 | AO13: ='01_05_OMRI -2000'!C39 -> 3570 | AQ13: =AO13 -> 3570 | AS13: =N13/(K13+N13) -> 0.55216655 | AT13: =W13/(T13+W13) -> 0.60872424 | AU13: =AF13/(AC13+AF13) -> 0.51919721 | AV13: =AO13/(AL13+AO13) -> 0.5
A14: =A13+1 -> 46032 | B14: ='01_05_OMRI -2000'!E40 -> 72041 | D14: =B14 -> 72041 | E14: ='01_05_OMRI -2000'!D40 -> 2500 | G14: =E14 -> 2500 | H14: =-6250 -> -6250 | J14: =H14 -> -6250 | K14: ='01_05_OMRI -6250'!B40 -> 7100 | M14: =K14 -> 7100 | N14: ='01_05_OMRI -6250'!C40 -> 9124 | P14: =N14 -> 9124 | Q14: -5000 | S14: =Q14 -> -5000 | T14: ='01_05_OMRI -5000'!B40 -> 6347 | V14: =T14 -> 6347 | W14: ='01_05_OMRI -5000'!C40 -> 6942 | Y14: =W14 -> 6942 | Z14: -3500 | AB14: =Z14 -> -3500 | AC14: ='01_05_OMRI -3500'!B40 -> 4562 | AE14: =AC14 -> 4562 | AF14: ='01_05_OMRI -3500'!C40 -> 5355 | AH14: =AF14 -> 5355 | AI14: -2000 | AK14: =AI14 -> -2000 | AL14: ='01_05_OMRI -2000'!B40 -> 3174 | AN14: =AL14 -> 3174 | AO14: ='01_05_OMRI -2000'!C40 -> 3570 | AQ14: =AO14 -> 3570 | AS14: =N14/(K14+N14) -> 0.56237673 | AT14: =W14/(T14+W14) -> 0.52238694 | AU14: =AF14/(AC14+AF14) -> 0.53998185 | AV14: =AO14/(AL14+AO14) -> 0.52935943
A15: =A14+1 -> 46033 | B15: ='01_05_OMRI -2000'!E41 -> 70572 | D15: =B15 -> 70572 | E15: ='01_05_OMRI -2000'!D41 -> 2000 | G15: =E15 -> 2000 | H15: =-6250 -> -6250 | J15: =H15 -> -6250 | K15: ='01_05_OMRI -6250'!B41 -> 6500 | M15: =K15 -> 6500 | N15: ='01_05_OMRI -6250'!C41 -> 9124 | P15: =N15 -> 9124 | Q15: -5000 | S15: =Q15 -> -5000 | T15: ='01_05_OMRI -5000'!B41 -> 5752 | V15: =T15 -> 5752 | W15: ='01_05_OMRI -5000'!C41 -> 6942 | Y15: =W15 -> 6942 | Z15: -3500 | AB15: =Z15 -> -3500 | AC15: ='01_05_OMRI -3500'!B41 -> 4165 | AE15: =AC15 -> 4165 | AF15: ='01_05_OMRI -3500'!C41 -> 5355 | AH15: =AF15 -> 5355 | AI15: -2000 | AK15: =AI15 -> -2000 | AL15: ='01_05_OMRI -2000'!B41 -> 2579 | AN15: =AL15 -> 2579 | AO15: ='01_05_OMRI -2000'!C41 -> 3570 | AQ15: =AO15 -> 3570 | AS15: =N15/(K15+N15) -> 0.58397337 | AT15: =W15/(T15+W15) -> 0.54687254 | AU15: =AF15/(AC15+AF15) -> 0.5625 | AV15: =AO15/(AL15+AO15) -> 0.58058221
A16: =A15+1 -> 46034 | B16: ='01_05_OMRI -2000'!E42 -> 69004 | D16: =B16 -> 69004 | E16: ='01_05_OMRI -2000'!D42 -> 2000 | G16: =E16 -> 2000 | H16: =-6250 -> -6250 | J16: =H16 -> -6250 | K16: ='01_05_OMRI -6250'!B42 -> 6400 | M16: =K16 -> 6400 | N16: ='01_05_OMRI -6250'!C42 -> 8800 | P16: =N16 -> 8800 | Q16: -5000 | S16: =Q16 -> -5000 | T16: ='01_05_OMRI -5000'!B42 -> 5355 | V16: =T16 -> 5355 | W16: ='01_05_OMRI -5000'!C42 -> 6942 | Y16: =W16 -> 6942 | Z16: -3500 | AB16: =Z16 -> -3500 | AC16: ='01_05_OMRI -3500'!B42 -> 3570 | AE16: =AC16 -> 3570 | AF16: ='01_05_OMRI -3500'!C42 -> 5355 | AH16: =AF16 -> 5355 | AI16: -2000 | AK16: =AI16 -> -2000 | AL16: ='01_05_OMRI -2000'!B42 -> 2182 | AN16: =AL16 -> 2182 | AO16: ='01_05_OMRI -2000'!C42 -> 3570 | AQ16: =AO16 -> 3570 | AS16: =N16/(K16+N16) -> 0.57894737 | AT16: =W16/(T16+W16) -> 0.56452793 | AU16: =AF16/(AC16+AF16) -> 0.6 | AV16: =AO16/(AL16+AO16) -> 0.62065369
A17: =A16+1 -> 46035 | B17: ='01_05_OMRI -2000'!E43 -> 66245 | D17: =B17 -> 66245 | E17: ='01_05_OMRI -2000'!D43 -> 2000 | G17: =E17 -> 2000 | H17: =-6250 -> -6250 | J17: =H17 -> -6250 | K17: ='01_05_OMRI -6250'!B43 -> 6400 | M17: =K17 -> 6400 | N17: ='01_05_OMRI -6250'!C43 -> 8800 | P17: =N17 -> 8800 | Q17: -5000 | S17: =Q17 -> -5000 | T17: ='01_05_OMRI -5000'!B43 -> 5355 | V17: =T17 -> 5355 | W17: ='01_05_OMRI -5000'!C43 -> 6942 | Y17: =W17 -> 6942 | Z17: -3500 | AB17: =Z17 -> -3500 | AC17: ='01_05_OMRI -3500'!B43 -> 3570 | AE17: =AC17 -> 3570 | AF17: ='01_05_OMRI -3500'!C43 -> 5355 | AH17: =AF17 -> 5355 | AI17: -2000 | AK17: =AI17 -> -2000 | AL17: ='01_05_OMRI -2000'!B43 -> 2182 | AN17: =AL17 -> 2182 | AO17: ='01_05_OMRI -2000'!C43 -> 3570 | AQ17: =AO17 -> 3570 | AS17: =N17/(K17+N17) -> 0.57894737 | AT17: =W17/(T17+W17) -> 0.56452793 | AU17: =AF17/(AC17+AF17) -> 0.6 | AV17: =AO17/(AL17+AO17) -> 0.62065369
A18: =A17+1 -> 46036 | B18: ='01_05_OMRI -2000'!E44 -> 62756 | D18: =B18 -> 62756 | E18: ='01_05_OMRI -2000'!D44 -> 2000 | G18: =E18 -> 2000 | H18: =-6250 -> -6250 | J18: =H18 -> -6250 | K18: ='01_05_OMRI -6250'!B44 -> 6400 | M18: =K18 -> 6400 | N18: ='01_05_OMRI -6250'!C44 -> 8800 | P18: =N18 -> 8800 | Q18: -5000 | S18: =Q18 -> -5000 | T18: ='01_05_OMRI -5000'!B44 -> 5355 | V18: =T18 -> 5355 | W18: ='01_05_OMRI -5000'!C44 -> 6942 | Y18: =W18 -> 6942 | Z18: -3500 | AB18: =Z18 -> -3500 | AC18: ='01_05_OMRI -3500'!B44 -> 3570 | AE18: =AC18 -> 3570 | AF18: ='01_05_OMRI -3500'!C44 -> 5355 | AH18: =AF18 -> 5355 | AI18: -2000 | AK18: =AI18 -> -2000 | AL18: ='01_05_OMRI -2000'!B44 -> 2182 | AN18: =AL18 -> 2182 | AO18: ='01_05_OMRI -2000'!C44 -> 3570 | AQ18: =AO18 -> 3570 | AS18: =N18/(K18+N18) -> 0.57894737 | AT18: =W18/(T18+W18) -> 0.56452793 | AU18: =AF18/(AC18+AF18) -> 0.6 | AV18: =AO18/(AL18+AO18) -> 0.62065369
A19: =A18+1 -> 46037 | B19: ='01_05_OMRI -2000'!E45 -> 62756 | D19: =B19 -> 62756 | E19: ='01_05_OMRI -2000'!D45 -> 2000 | G19: =E19 -> 2000 | H19: =-6250 -> -6250 | J19: =H19 -> -6250 | K19: ='01_05_OMRI -6250'!B45 -> 6400 | M19: =K19 -> 6400 | N19: ='01_05_OMRI -6250'!C45 -> 8800 | P19: =N19 -> 8800 | Q19: -5000 | S19: =Q19 -> -5000 | T19: ='01_05_OMRI -5000'!B45 -> 5355 | V19: =T19 -> 5355 | W19: ='01_05_OMRI -5000'!C45 -> 6942 | Y19: =W19 -> 6942 | Z19: -3500 | AB19: =Z19 -> -3500 | AC19: ='01_05_OMRI -3500'!B45 -> 3570 | AE19: =AC19 -> 3570 | AF19: ='01_05_OMRI -3500'!C45 -> 5355 | AH19: =AF19 -> 5355 | AI19: -2000 | AK19: =AI19 -> -2000 | AL19: ='01_05_OMRI -2000'!B45 -> 2182 | AN19: =AL19 -> 2182 | AO19: ='01_05_OMRI -2000'!C45 -> 3570 | AQ19: =AO19 -> 3570 | AS19: =N19/(K19+N19) -> 0.57894737 | AT19: =W19/(T19+W19) -> 0.56452793 | AU19: =AF19/(AC19+AF19) -> 0.6 | AV19: =AO19/(AL19+AO19) -> 0.62065369
A20: =A19+1 -> 46038 | B20: ='01_05_OMRI -2000'!E46 -> 62756 | D20: =B20 -> 62756 | E20: ='01_05_OMRI -2000'!D46 -> 2000 | G20: =E20 -> 2000 | H20: =-6250 -> -6250 | J20: =H20 -> -6250 | K20: ='01_05_OMRI -6250'!B46 -> 6400 | M20: =K20 -> 6400 | N20: ='01_05_OMRI -6250'!C46 -> 8800 | P20: =N20 -> 8800 | Q20: -5000 | S20: =Q20 -> -5000 | T20: ='01_05_OMRI -5000'!B46 -> 5355 | V20: =T20 -> 5355 | W20: ='01_05_OMRI -5000'!C46 -> 6942 | Y20: =W20 -> 6942 | Z20: -3500 | AB20: =Z20 -> -3500 | AC20: ='01_05_OMRI -3500'!B46 -> 3570 | AE20: =AC20 -> 3570 | AF20: ='01_05_OMRI -3500'!C46 -> 5355 | AH20: =AF20 -> 5355 | AI20: -2000 | AK20: =AI20 -> -2000 | AL20: ='01_05_OMRI -2000'!B46 -> 2182 | AN20: =AL20 -> 2182 | AO20: ='01_05_OMRI -2000'!C46 -> 3570 | AQ20: =AO20 -> 3570 | AS20: =N20/(K20+N20) -> 0.57894737 | AT20: =W20/(T20+W20) -> 0.56452793 | AU20: =AF20/(AC20+AF20) -> 0.6 | AV20: =AO20/(AL20+AO20) -> 0.62065369
... A24: =A23+1 -> 46042 | B24: ='01_05_OMRI -2000'!E50 -> 62756 | D24: =B24 -> 62756 | E24: ='01_05_OMRI -2000'!D50 -> 2000 | G24: =E24 -> 2000 | H24: =-6250 -> -6250 | J24: =H24 -> -6250 | K24: ='01_05_OMRI -6250'!B50 -> 6400 | M24: =K24 -> 6400 | N24: ='01_05_OMRI -6250'!C50 -> 8800 | P24: =N24 -> 8800 | Q24: -5000 | S24: =Q24 -> -5000 | T24: ='01_05_OMRI -5000'!B50 -> 5355 | V24: =T24 -> 5355 | W24: ='01_05_OMRI -5000'!C50 -> 6942 | Y24: =W24 -> 6942 | Z24: -3500 | AB24: =Z24 -> -3500 | AC24: ='01_05_OMRI -3500'!B50 -> 3570 | AE24: =AC24 -> 3570 | AF24: ='01_05_OMRI -3500'!C50 -> 5355 | AH24: =AF24 -> 5355 | AI24: -2000 | AK24: =AI24 -> -2000 | AL24: ='01_05_OMRI -2000'!B50 -> 2182 | AN24: =AL24 -> 2182 | AO24: ='01_05_OMRI -2000'!C50 -> 3570 | AQ24: =AO24 -> 3570 | AS24: =N24/(K24+N24) -> 0.57894737 | AT24: =W24/(T24+W24) -> 0.56452793 | AU24: =AF24/(AC24+AF24) -> 0.6 | AV24: =AO24/(AL24+AO24) -> 0.62065369
K25: =AVERAGE(K3:K24) -> 6809.0909 | N25: =AVERAGE(N3:N24) -> 8746.3636 | T25: =AVERAGE(T3:T24) -> 5235.3636 | W25: =AVERAGE(W3:W24) -> 7005.7273 | AC25: =AVERAGE(AC3:AC24) -> 4036.3182 | AF25: =AVERAGE(AF3:AF24) -> 5950.6818 | AL25: =AVERAGE(AL3:AL24) -> 3062.8636 | AO25: =AVERAGE(AO3:AO24) -> 4751.6364
Z33: Thresholds
T34: Sacramento River at Freeport (cfs) | V34: San Joaquin River at Vernalis (cfs) | AB34: Sacramento River at Freeport (cfs) | AC34: Flow bin | AD34: San Joaquin River at Vernalis (cfs)
R35: Week 1 | S35: =_xlfn.CONCAT(R35," (",TEXT(A3,"mm/dd/yyyy")," - ",TEXT(A9,"mm/dd/yyyy"),")") -> Week 1 (12/30/2025 - 01/05/2026) | T35: =AVERAGE(B3:B9) -> 62193.143 | U35: =IF(T35<=$AB$35,$AC$35,IF(T35>=$AB$37,$AC$37,$AC$36)) -> hi | V35: =AVERAGE(E3:E9) -> 2320.5714 | W35: =IF(V35<=$AD$35,$AC$35,IF(V35>=$AD$37,$AC$37,$AC$36)) -> med | X35: =_xlfn.CONCAT(U35,W35) -> himed | AA35: <= | AB35: 13145 | AC35: lo | AD35: 1983
R36: Week 2 | S36: =_xlfn.CONCAT(R36," (",TEXT(A10,"mm/dd/yyyy")," - ",TEXT(A16,"mm/dd/yyyy"),")") -> Week 2 (01/06/2026 - 01/12/2026) | T36: =AVERAGE(B10:B16) -> 72835.286 | U36: =IF(T36<=$AB$35,$AC$35,IF(T36>=$AB$37,$AC$37,$AC$36)) -> hi | V36: =AVERAGE(E10:E16) -> 3286.4286 | W36: =IF(V36<=$AD$35,$AC$35,IF(V36>=$AD$37,$AC$37,$AC$36)) -> med | X36: =_xlfn.CONCAT(U36,W36) -> himed | AB36: 24725 | AC36: med | AD36: 4096
R37: Week 3 | S37: =_xlfn.CONCAT(R37," (",TEXT(A17,"mm/dd/yyyy")," - ",TEXT(A23,"mm/dd/yyyy"),")") -> Week 3 (01/13/2026 - 01/19/2026) | T37: =AVERAGE(B18:B24) -> 62756 | U37: =IF(T37<=$AB$35,$AC$35,IF(T37>=$AB$37,$AC$37,$AC$36)) -> hi | V37: =AVERAGE(E18:E24) -> 2000 | W37: =IF(V37<=$AD$35,$AC$35,IF(V37>=$AD$37,$AC$37,$AC$36)) -> med | X37: =_xlfn.CONCAT(U37,W37) -> himed | AA37: >= | AB37: 24726 | AC37: hi | AD37: 4097
T41: OMR Bins | U41: CVP Exports (AF) | V41: SWP Exports (AF) | W41: Total Exports (AF) | X41: CVP Exports (% of total) | Y41: SWP Exports (% of total))
S42: Week 1 | T42: -6250 | U42: =AVERAGE(N3:N9) -> 8400 | V42: =AVERAGE(K3:K9) -> 6500 | W42: =V42+U42 -> 14900 | X42: =U42/(U42+V42) -> 0.56375839 | Y42: =V42/(V42+U42) -> 0.43624161
T43: -5000 | U43: =AVERAGE(W3:W9) -> 6547 | V43: =AVERAGE(T3:T9) -> 4213.7143 | W43: =V43+U43 -> 10760.714 | X43: =U43/(U43+V43) -> 0.60841686 | Y43: =V43/(V43+U43) -> 0.39158314
T44: -3250 | U44: =AVERAGE(AF3:AF9) -> 6547 | V44: =AVERAGE(AC3:AC9) -> 4015.2857 | W44: =V44+U44 -> 10562.286 | X44: =U44/(U44+V44) -> 0.61984689 | Y44: =V44/(V44+U44) -> 0.38015311
T45: -2000 | U45: =AVERAGE(AO3:AO9) -> 6547 | V45: =AVERAGE(AL3:AL9) -> 3788.7143 | W45: =V45+U45 -> 10335.714 | X45: =U45/(U45+V45) -> 0.63343469 | Y45: =V45/(V45+U45) -> 0.36656531
S46: Week 2 | T46: -6250 | U46: =AVERAGE(N10:N16) -> 9031.4286 | V46: =AVERAGE(K10:K16) -> 7585.7143 | W46: =V46+U46 -> 16617.143 | X46: =U46/(U46+V46) -> 0.54350069 | Y46: =V46/(V46+U46) -> 0.45649931
T47: -5000 | U47: =AVERAGE(W10:W16) -> 7537.2857 | V47: =AVERAGE(T10:T16) -> 6120.2857 | W47: =V47+U47 -> 13657.571 | X47: =U47/(U47+V47) -> 0.55187599 | Y47: =V47/(V47+U47) -> 0.44812401
T48: -3250 | U48: =AVERAGE(AF10:AF16) -> 6035.1429 | V48: =AVERAGE(AC10:AC16) -> 4590.2857 | W48: =V48+U48 -> 10625.429 | X48: =U48/(U48+V48) -> 0.56799053 | Y48: =V48/(V48+U48) -> 0.43200947
T49: -2000 | U49: =AVERAGE(AO10:AO16) -> 4306.7143 | V49: =AVERAGE(AL10:AL16) -> 3343.7143 | W49: =V49+U49 -> 7650.4286 | X49: =U49/(U49+V49) -> 0.56293765 | Y49: =V49/(V49+U49) -> 0.43706235
S50: Week 3 | T50: -6250 | U50: =AVERAGE(N18:N24) -> 8800 | V50: =AVERAGE(K18:K24) -> 6400 | W50: =V50+U50 -> 15200 | X50: =U50/(U50+V50) -> 0.57894737 | Y50: =V50/(V50+U50) -> 0.42105263
T51: -5000 | U51: =AVERAGE(N19:N25) -> 8792.3377 | V51: =AVERAGE(T18:T24) -> 5355 | W51: =V51+U51 -> 14147.338 | X51: =U51/(U51+V51) -> 0.62148355 | Y51: =V51/(V51+U51) -> 0.37851645
T52: -3250 | U52: =AVERAGE(N20:N26) -> 8791.0606 | V52: =AVERAGE(AC18:AC24) -> 3570 | W52: =V52+U52 -> 12361.061 | X52: =U52/(U52+V52) -> 0.71118983 | Y52: =V52/(V52+U52) -> 0.28881017
T53: -2000 | U53: =AVERAGE(N21:N27) -> 8789.2727 | V53: =AVERAGE(AL18:AL24) -> 2182 | W53: =V53+U53 -> 10971.273 | X53: =U53/(U53+V53) -> 0.80111697 | Y53: =V53/(V53+U53) -> 0.19888303

Sheet 01_05_OMRI -2000
A1: Forecast start date | D1: VNS-QR | E1: FPT-QR | K1: data type | M1: Data request:
A2: 46027 | B2: af | C2: af | D2: cfs | E2: cfs | F2: cfs | G2: cfs | H2: cfs | I2: cfs | J2: cfs | M2: 31 days of historical measured data prior to forecast date
A3: DATE | B3: CCF | C3: TPP | D3: VNS | E3: FPT | F3: CAL | G3: MOKE | H3: COS | I3: SACWEIR | J3: FREWEIR | M3: 14 days of forecast data after forecast date
A4: 45996 | B4: 3964 | C4: 1807 | D4: 1210 | E4: 11078 | F4: 21 | G4: 278 | H4: 61 | I4: 0 | J4: 0 | K4: Measured
A5: 45997 | B5: 3964 | C5: 1844 | D5: 1190 | E5: 10520 | F5: 24 | G5: 279 | H5: 60 | I5: 0 | J5: 0 | K5: Measured
A6: 45998 | B6: 3942 | C6: 1929 | D6: 1170 | E6: 10610 | F6: 24 | G6: 277 | H6: 60 | I6: 0 | J6: 0 | K6: Measured
A7: 45999 | B7: 3961 | C7: 1927 | D7: 1165 | E7: 10336 | F7: 24 | G7: 279 | H7: 62 | I7: 0 | J7: 0 | K7: Measured
A8: 46000 | B8: 3910 | C8: 1927 | D8: 1228 | E8: 10524 | F8: 24 | G8: 281 | H8: 61 | I8: 0 | J8: 0 | K8: Measured
A9: 46001 | B9: 3961 | C9: 1893 | D9: 1250 | E9: 10464 | F9: 24 | G9: 292 | H9: 60 | I9: 0 | J9: 0 | K9: Measured
A10: 46002 | B10: 3929 | C10: 1915 | D10: 1235 | E10: 10393 | F10: 24 | G10: 280 | H10: 60 | I10: 0 | J10: 0 | K10: Measured
A11: 46003 | B11: 3952 | C11: 1915 | D11: 1161 | E11: 10195 | F11: 24 | G11: 284 | H11: 59 | I11: 0 | J11: 0 | K11: Measured
A12: 46004 | B12: 3956 | C12: 1919 | D12: 1133 | E12: 9935 | F12: 24 | G12: 312 | H12: 59 | I12: 0 | J12: 0 | K12: Measured
A13: 46005 | B13: 3963 | C13: 1922 | D13: 1125 | E13: 9724 | F13: 24 | G13: 319 | H13: 58 | I13: 0 | J13: 0 | K13: Measured
A14: 46006 | B14: 3960 | C14: 1829 | D14: 1121 | E14: 9847 | F14: 24 | G14: 290 | H14: 57 | I14: 0 | J14: 0 | K14: Measured
A15: 46007 | B15: 3172 | C15: 1922 | D15: 1096 | E15: 10204 | F15: 24 | G15: 269 | H15: 57 | I15: 0 | J15: 0 | K15: Measured
... A50: 46042 | B50: 2182 | C50: 3570 | D50: 2000 | E50: 62756 | F50: 250 | G50: 300 | H50: 500 | I50: 0 | J50: 13916 | K50: Forecasted

Sheet 01_05_OMRI -3500
A1: Forecast start date | D1: VNS-QR | E1: FPT-QR | K1: data type | M1: Data request:
A2: 46027 | B2: af | C2: af | D2: cfs | E2: cfs | F2: cfs | G2: cfs | H2: cfs | I2: cfs | J2: cfs | M2: 31 days of historical measured data prior to forecast date
A3: DATE | B3: CCF | C3: TPP | D3: VNS | E3: FPT | F3: CAL | G3: MOKE | H3: COS | I3: SACWEIR | J3: FREWEIR | M3: 14 days of forecast data after forecast date
A4: 45996 | B4: 3964 | C4: 1807 | D4: 1210 | E4: 11078 | F4: 21 | G4: 278 | H4: 61 | I4: 0 | J4: 0 | K4: Measured
A5: 45997 | B5: 3964 | C5: 1844 | D5: 1190 | E5: 10520 | F5: 24 | G5: 279 | H5: 60 | I5: 0 | J5: 0 | K5: Measured
A6: 45998 | B6: 3942 | C6: 1929 | D6: 1170 | E6: 10610 | F6: 24 | G6: 277 | H6: 60 | I6: 0 | J6: 0 | K6: Measured
A7: 45999 | B7: 3961 | C7: 1927 | D7: 1165 | E7: 10336 | F7: 24 | G7: 279 | H7: 62 | I7: 0 | J7: 0 | K7: Measured
A8: 46000 | B8: 3910 | C8: 1927 | D8: 1228 | E8: 10524 | F8: 24 | G8: 281 | H8: 61 | I8: 0 | J8: 0 | K8: Measured
A9: 46001 | B9: 3961 | C9: 1893 | D9: 1250 | E9: 10464 | F9: 24 | G9: 292 | H9: 60 | I9: 0 | J9: 0 | K9: Measured
A10: 46002 | B10: 3929 | C10: 1915 | D10: 1235 | E10: 10393 | F10: 24 | G10: 280 | H10: 60 | I10: 0 | J10: 0 | K10: Measured
A11: 46003 | B11: 3952 | C11: 1915 | D11: 1161 | E11: 10195 | F11: 24 | G11: 284 | H11: 59 | I11: 0 | J11: 0 | K11: Measured
A12: 46004 | B12: 3956 | C12: 1919 | D12: 1133 | E12: 9935 | F12: 24 | G12: 312 | H12: 59 | I12: 0 | J12: 0 | K12: Measured
A13: 46005 | B13: 3963 | C13: 1922 | D13: 1125 | E13: 9724 | F13: 24 | G13: 319 | H13: 58 | I13: 0 | J13: 0 | K13: Measured
A14: 46006 | B14: 3960 | C14: 1829 | D14: 1121 | E14: 9847 | F14: 24 | G14: 290 | H14: 57 | I14: 0 | J14: 0 | K14: Measured
A15: 46007 | B15: 3172 | C15: 1922 | D15: 1096 | E15: 10204 | F15: 24 | G15: 269 | H15: 57 | I15: 0 | J15: 0 | K15: Measured
... A50: 46042 | B50: 3570 | C50: 5355 | D50: 2000 | E50: 62756 | F50: 250 | G50: 300 | H50: 500 | I50: 0 | J50: 13916 | K50: Forecasted

Sheet 01_05_OMRI -5000
A1: Forecast start date | D1: VNS-QR | E1: FPT-QR | K1: data type | M1: Data request:
A2: 46027 | B2: af | C2: af | D2: cfs | E2: cfs | F2: cfs | G2: cfs | H2: cfs | I2: cfs | J2: cfs | M2: 31 days of historical measured data prior to forecast date
A3: DATE | B3: CCF | C3: TPP | D3: VNS | E3: FPT | F3: CAL | G3: MOKE | H3: COS | I3: SACWEIR | J3: FREWEIR | M3: 14 days of forecast data after forecast date
A4: 45996 | B4: 3964 | C4: 1807 | D4: 1210 | E4: 11078 | F4: 21 | G4: 278 | H4: 61 | I4: 0 | J4: 0 | K4: Measured
A5: 45997 | B5: 3964 | C5: 1844 | D5: 1190 | E5: 10520 | F5: 24 | G5: 279 | H5: 60 | I5: 0 | J5: 0 | K5: Measured
A6: 45998 | B6: 3942 | C6: 1929 | D6: 1170 | E6: 10610 | F6: 24 | G6: 277 | H6: 60 | I6: 0 | J6: 0 | K6: Measured
A7: 45999 | B7: 3961 | C7: 1927 | D7: 1165 | E7: 10336 | F7: 24 | G7: 279 | H7: 62 | I7: 0 | J7: 0 | K7: Measured
A8: 46000 | B8: 3910 | C8: 1927 | D8: 1228 | E8: 10524 | F8: 24 | G8: 281 | H8: 61 | I8: 0 | J8: 0 | K8: Measured
A9: 46001 | B9: 3961 | C9: 1893 | D9: 1250 | E9: 10464 | F9: 24 | G9: 292 | H9: 60 | I9: 0 | J9: 0 | K9: Measured
A10: 46002 | B10: 3929 | C10: 1915 | D10: 1235 | E10: 10393 | F10: 24 | G10: 280 | H10: 60 | I10: 0 | J10: 0 | K10: Measured
A11: 46003 | B11: 3952 | C11: 1915 | D11: 1161 | E11: 10195 | F11: 24 | G11: 284 | H11: 59 | I11: 0 | J11: 0 | K11: Measured
A12: 46004 | B12: 3956 | C12: 1919 | D12: 1133 | E12: 9935 | F12: 24 | G12: 312 | H12: 59 | I12: 0 | J12: 0 | K12: Measured
A13: 46005 | B13: 3963 | C13: 1922 | D13: 1125 | E13: 9724 | F13: 24 | G13: 319 | H13: 58 | I13: 0 | J13: 0 | K13: Measured
A14: 46006 | B14: 3960 | C14: 1829 | D14: 1121 | E14: 9847 | F14: 24 | G14: 290 | H14: 57 | I14: 0 | J14: 0 | K14: Measured
A15: 46007 | B15: 3172 | C15: 1922 | D15: 1096 | E15: 10204 | F15: 24 | G15: 269 | H15: 57 | I15: 0 | J15: 0 | K15: Measured
... A50: 46042 | B50: 5355 | C50: 6942 | D50: 2000 | E50: 62756 | F50: 250 | G50: 300 | H50: 500 | I50: 0 | J50: 13916 | K50: Forecasted

Sheet 01_05_OMRI -6250
A1: Forecast start date | D1: VNS-QR | E1: FPT-QR | K1: data type | M1: Data request: | O1: DWR forecast date starts 12/30/2025
A2: 46027 | B2: af | C2: af | D2: cfs | E2: cfs | F2: cfs | G2: cfs | H2: cfs | I2: cfs | J2: cfs | M2: 31 days of historical measured data prior to forecast date
A3: DATE | B3: CCF | C3: TPP | D3: VNS | E3: FPT | F3: CAL | G3: MOKE | H3: COS | I3: SACWEIR | J3: FREWEIR | M3: 14 days of forecast data after forecast date
A4: 45996 | B4: 3964 | C4: 1807 | D4: 1210 | E4: 11078 | F4: 21 | G4: 278 | H4: 61 | I4: 0 | J4: 0 | K4: Measured
A5: 45997 | B5: 3964 | C5: 1844 | D5: 1190 | E5: 10520 | F5: 24 | G5: 279 | H5: 60 | I5: 0 | J5: 0 | K5: Measured
A6: 45998 | B6: 3942 | C6: 1929 | D6: 1170 | E6: 10610 | F6: 24 | G6: 277 | H6: 60 | I6: 0 | J6: 0 | K6: Measured
A7: 45999 | B7: 3961 | C7: 1927 | D7: 1165 | E7: 10336 | F7: 24 | G7: 279 | H7: 62 | I7: 0 | J7: 0 | K7: Measured
A8: 46000 | B8: 3910 | C8: 1927 | D8: 1228 | E8: 10524 | F8: 24 | G8: 281 | H8: 61 | I8: 0 | J8: 0 | K8: Measured
A9: 46001 | B9: 3961 | C9: 1893 | D9: 1250 | E9: 10464 | F9: 24 | G9: 292 | H9: 60 | I9: 0 | J9: 0 | K9: Measured
A10: 46002 | B10: 3929 | C10: 1915 | D10: 1235 | E10: 10393 | F10: 24 | G10: 280 | H10: 60 | I10: 0 | J10: 0 | K10: Measured
A11: 46003 | B11: 3952 | C11: 1915 | D11: 1161 | E11: 10195 | F11: 24 | G11: 284 | H11: 59 | I11: 0 | J11: 0 | K11: Measured
A12: 46004 | B12: 3956 | C12: 1919 | D12: 1133 | E12: 9935 | F12: 24 | G12: 312 | H12: 59 | I12: 0 | J12: 0 | K12: Measured
A13: 46005 | B13: 3963 | C13: 1922 | D13: 1125 | E13: 9724 | F13: 24 | G13: 319 | H13: 58 | I13: 0 | J13: 0 | K13: Measured
A14: 46006 | B14: 3960 | C14: 1829 | D14: 1121 | E14: 9847 | F14: 24 | G14: 290 | H14: 57 | I14: 0 | J14: 0 | K14: Measured
A15: 46007 | B15: 3172 | C15: 1922 | D15: 1096 | E15: 10204 | F15: 24 | G15: 269 | H15: 57 | I15: 0 | J15: 0 | K15: Measured
... A50: 46042 | B50: 6400 | C50: 8800 | D50: 2000 | E50: 62756 | F50: 250 | G50: 300 | H50: 500 | I50: 0 | J50: 13916 | K50: Forecasted
