Workbook
Name _Ref217293357: ForZOI!$B$1
Name TableName: "Dummy"

Sheet README
A1: This worksheet is used to develop input data for DSM2 and for the weekly real-time assessment summary report.
A3: Workflow:
A4: Thuy Washburn at CVO sends Adam Witt four csv files with measured and forecast data based on four OMR scenarios (-6,500, -5,000, -3,500, -2000)
A5: Adam copies flow_export_review.xlsx from previous week into current week input folder
A6: Adam copies csv data provided by CVO into the four data sheets in this folder and renames them to match CVO sheet names
A7: Adam updates cell A3 in plot_example worksheet to align with forecast start date for current week
A8: If necessary, Adam extends data in each sheet by copying the last day and repeating that value into the future up to 3 weeks after the forecast start date
A9: Figures and tables from plot_example are copied over to the current week's real-time assessment
A10: Adam sends weekly flow value and flow bin categories to Roja for ZOI plot labels

Sheet ForZOI
B1: Reclamation Forecast Flow and Export Data
B2: Weekly Averaged Forecasted Flow Data and Flow Bins:
B3: Forecast Week | C3: Sacramento River at Freeport (cfs) | D3: Sac Flow Bin | E3: San Joaquin River at Vernalis (cfs) | F3: SJR Flow Bin | G3: Delta Inflow Bin
B4: =plot_example!S35 -> Week 1 (04/07/2026 - 04/13/2026) | C4: =plot_example!T35 -> 14424.571 | D4: =plot_example!U35 -> med | E4: =plot_example!V35 -> 2530 | F4: =plot_example!W35 -> med | G4: =plot_example!X35 -> medmed
B5: =plot_example!S36 -> Week 2 (04/14/2026 - 04/20/2026) | C5: =plot_example!T36 -> 14937.571 | D5: =plot_example!U36 -> med | E5: =plot_example!V36 -> 2242.8571 | F5: =plot_example!W36 -> med | G5: =plot_example!X36 -> medmed
B6: =plot_example!S37 -> Week 3 (04/21/2026 - 04/27/2026) | C6: =plot_example!T37 -> 13000 | D6: =plot_example!U37 -> lo | E6: =plot_example!V37 -> 2200 | F6: =plot_example!W37 -> med | G6: =plot_example!X37 -> lomed

Sheet plot_example
B1: cfs | E1: cfs | H1: OMR = -6,500 | Q1: OMR = -5,000 | Z1: OMR = -3,500 | AL1: OMR = -2,000 | AR1: tpp/ccf | AS1: 6500 | AT1: 5000 | AU1: 3250 | AV1: 2000
B2: FPT | C2: FPT Measured | D2: FPT Forecast | E2: VNS | F2: VNS Measured | G2: VNS Forecast | H2: OMR (cfs) | K2: CCF (cfs) | L2: CCF Measured | N2: TPP (cfs) | O2: TPP Measured | Q2: OMR (cfs) | T2: CCF (cfs) | W2: TPP (cfs) | Z2: OMR (cfs) | AC2: CCF (cfs) | AF2: TPP (cfs) | AI2: OMR (cfs) | AL2: CCF (cfs) | AO2: TPP (cfs)
A3: 46119 | B3: =INDEX('04_06_OMRI-2000'!$E$4:$E$393,MATCH($A3,'04_06_OMRI-2000'!$A$4:$A$393,0)) -> 13022 | C3: =DSM2_Historic_data!B3 -> 0 | D3: =B3 -> 13022 | E3: =INDEX('04_06_OMRI-2000'!$D$4:$D$393,MATCH($A3,'04_06_OMRI-2000'!$A$4:$A$393,0)) -> 2637 | F3: =DSM2_Historic_data!C3 -> 0 | G3: =E3 -> 2637 | H3: =-6500 -> -6500 | J3: =H3 -> -6500 | K3: =INDEX('04_06_OMRI -6500'!$B4:$B400,MATCH($A3,'04_06_OMRI -6500'!$A4:$A400,0))/1.98 -> 601.0101 | L3: =DSM2_Historic_data!D3 -> 0 | M3: =K3 -> 601.0101 | N3: =INDEX('04_06_OMRI -6500'!$C4:$C400,MATCH($A3,'04_06_OMRI -6500'!$A4:$A400,0))/1.98 -> 3506.0606 | O3: =DSM2_Historic_data!E3 -> 0 | P3: =N3 -> 3506.0606 | Q3: -5000 | S3: =Q3 -> -5000 | T3: =INDEX('04_06_OMRI -5000'!$B4:$B393,MATCH($A3,'04_06_OMRI -5000'!$A4:$A393,0))/1.98 -> 601.0101 | V3: =T3 -> 601.0101 | W3: =INDEX('04_06_OMRI -5000'!$C4:$C393,MATCH($A3,'04_06_OMRI -5000'!$A4:$A393,0))/1.98 -> 3506.0606 | Y3: =W3 -> 3506.0606 | Z3: -3500 | AB3: =Z3 -> -3500 | AC3: =INDEX('04_06_OMRI -3500'!$B4:$B393,MATCH($A3,'04_06_OMRI -3500'!$A4:$A393,0))/1.98 -> 601.0101 | AE3: =AC3 -> 601.0101 | AF3: =INDEX('04_06_OMRI -3500'!$C4:$C393,MATCH($A3,'04_06_OMRI -3500'!$A4:$A393,0))/1.98 -> 3506.0606 | AH3: =AF3 -> 3506.0606 | AI3: -2000 | AK3: =AI3 -> -2000 | AL3: =INDEX('04_06_OMRI-2000'!$B4:$B393,MATCH($A3,'04_06_OMRI-2000'!$A4:$A393,0))/1.98 -> 601.0101 | AN3: =AL3 -> 601.0101 | AO3: =INDEX('04_06_OMRI-2000'!$C4:$C393,MATCH($A3,'04_06_OMRI-2000'!$A4:$A393,0))/1.98 -> 3506.0606 | AQ3: =AO3 -> 3506.0606 | AS3: =N3/(K3+N3) -> 0.85366454 | AT3: =W3/(T3+W3) -> 0.85366454 | AU3: =AF3/(AC3+AF3) -> 0.85366454 | AV3: =AO3/(AL3+AO3) -> 0.85366454
A4: =A3+1 -> 46120 | B4: =INDEX('04_06_OMRI-2000'!$E$4:$E$393,MATCH($A4,'04_06_OMRI-2000'!$A$4:$A$393,0)) -> 12783 | C4: =DSM2_Historic_data!B4 -> 0 | D4: =B4 -> 12783 | E4: =INDEX('04_06_OMRI-2000'!$D$4:$D$393,MATCH($A4,'04_06_OMRI-2000'!$A$4:$A$393,0)) -> 2604 | F4: =DSM2_Historic_data!C4 -> 0 | G4: =E4 -> 2604 | H4: =-6500 -> -6500 | J4: =H4 -> -6500 | K4: =INDEX('04_06_OMRI -6500'!$B5:$B401,MATCH($A4,'04_06_OMRI -6500'!$A5:$A401,0))/1.98 -> 601.0101 | L4: =DSM2_Historic_data!D4 -> 0 | M4: =K4 -> 601.0101 | N4: =INDEX('04_06_OMRI -6500'!$C5:$C401,MATCH($A4,'04_06_OMRI -6500'!$A5:$A401,0))/1.98 -> 4207.5758 | O4: =DSM2_Historic_data!E4 -> 0 | P4: =N4 -> 4207.5758 | Q4: -5000 | S4: =Q4 -> -5000 | T4: =INDEX('04_06_OMRI -5000'!$B5:$B394,MATCH($A4,'04_06_OMRI -5000'!$A5:$A394,0))/1.98 -> 601.0101 | V4: =T4 -> 601.0101 | W4: =INDEX('04_06_OMRI -5000'!$C5:$C394,MATCH($A4,'04_06_OMRI -5000'!$A5:$A394,0))/1.98 -> 3506.0606 | Y4: =W4 -> 3506.0606 | Z4: -3500 | AB4: =Z4 -> -3500 | AC4: =INDEX('04_06_OMRI -3500'!$B5:$B394,MATCH($A4,'04_06_OMRI -3500'!$A5:$A394,0))/1.98 -> 601.0101 | AE4: =AC4 -> 601.0101 | AF4: =INDEX('04_06_OMRI -3500'!$C5:$C394,MATCH($A4,'04_06_OMRI -3500'!$A5:$A394,0))/1.98 -> 2704.5455 | AH4: =AF4 -> 2704.5455 | AI4: -2000 | AK4: =AI4 -> -2000 | AL4: =INDEX('04_06_OMRI-2000'!$B5:$B394,MATCH($A4,'04_06_OMRI-2000'!$A5:$A394,0))/1.98 -> 601.0101 | AN4: =AL4 -> 601.0101 | AO4: =INDEX('04_06_OMRI-2000'!$C5:$C394,MATCH($A4,'04_06_OMRI-2000'!$A5:$A394,0))/1.98 -> 1803.0303 | AQ4: =AO4 -> 1803.0303 | AS4: =N4/(K4+N4) -> 0.87501313 | AT4: =W4/(T4+W4) -> 0.85366454 | AU4: =AF4/(AC4+AF4) -> 0.81818182 | AV4: =AO4/(AL4+AO4) -> 0.75
A5: =A4+1 -> 46121 | B5: =INDEX('04_06_OMRI-2000'!$E$4:$E$393,MATCH($A5,'04_06_OMRI-2000'!$A$4:$A$393,0)) -> 12865 | C5: =DSM2_Historic_data!B5 -> 0 | D5: =B5 -> 12865 | E5: =INDEX('04_06_OMRI-2000'!$D$4:$D$393,MATCH($A5,'04_06_OMRI-2000'!$A$4:$A$393,0)) -> 2572 | F5: =DSM2_Historic_data!C5 -> 0 | G5: =E5 -> 2572 | H5: =-6500 -> -6500 | J5: =H5 -> -6500 | K5: =INDEX('04_06_OMRI -6500'!$B6:$B402,MATCH($A5,'04_06_OMRI -6500'!$A6:$A402,0))/1.98 -> 601.0101 | L5: =DSM2_Historic_data!D5 -> 0 | M5: =K5 -> 601.0101 | N5: =INDEX('04_06_OMRI -6500'!$C6:$C402,MATCH($A5,'04_06_OMRI -6500'!$A6:$A402,0))/1.98 -> 4207.5758 | O5: =DSM2_Historic_data!E5 -> 0 | P5: =N5 -> 4207.5758 | Q5: -5000 | S5: =Q5 -> -5000 | T5: =INDEX('04_06_OMRI -5000'!$B6:$B395,MATCH($A5,'04_06_OMRI -5000'!$A6:$A395,0))/1.98 -> 601.0101 | V5: =T5 -> 601.0101 | W5: =INDEX('04_06_OMRI -5000'!$C6:$C395,MATCH($A5,'04_06_OMRI -5000'!$A6:$A395,0))/1.98 -> 3506.0606 | Y5: =W5 -> 3506.0606 | Z5: -3500 | AB5: =Z5 -> -3500 | AC5: =INDEX('04_06_OMRI -3500'!$B6:$B395,MATCH($A5,'04_06_OMRI -3500'!$A6:$A395,0))/1.98 -> 601.0101 | AE5: =AC5 -> 601.0101 | AF5: =INDEX('04_06_OMRI -3500'!$C6:$C395,MATCH($A5,'04_06_OMRI -3500'!$A6:$A395,0))/1.98 -> 2704.5455 | AH5: =AF5 -> 2704.5455 | AI5: -2000 | AK5: =AI5 -> -2000 | AL5: =INDEX('04_06_OMRI-2000'!$B6:$B395,MATCH($A5,'04_06_OMRI-2000'!$A6:$A395,0))/1.98 -> 601.0101 | AN5: =AL5 -> 601.0101 | AO5: =INDEX('04_06_OMRI-2000'!$C6:$C395,MATCH($A5,'04_06_OMRI-2000'!$A6:$A395,0))/1.98 -> 1803.0303 | AQ5: =AO5 -> 1803.0303 | AS5: =N5/(K5+N5) -> 0.87501313 | AT5: =W5/(T5+W5) -> 0.85366454 | AU5: =AF5/(AC5+AF5) -> 0.81818182 | AV5: =AO5/(AL5+AO5) -> 0.75
A6: =A5+1 -> 46122 | B6: =INDEX('04_06_OMRI-2000'!$E$4:$E$393,MATCH($A6,'04_06_OMRI-2000'!$A$4:$A$393,0)) -> 13590 | C6: =DSM2_Historic_data!B6 -> 0 | D6: =B6 -> 13590 | E6: =INDEX('04_06_OMRI-2000'!$D$4:$D$393,MATCH($A6,'04_06_OMRI-2000'!$A$4:$A$393,0)) -> 2547 | F6: =DSM2_Historic_data!C6 -> 0 | G6: =E6 -> 2547 | H6: =-6500 -> -6500 | J6: =H6 -> -6500 | K6: =INDEX('04_06_OMRI -6500'!$B7:$B403,MATCH($A6,'04_06_OMRI -6500'!$A7:$A403,0))/1.98 -> 601.0101 | L6: =DSM2_Historic_data!D6 -> 0 | M6: =K6 -> 601.0101 | N6: =INDEX('04_06_OMRI -6500'!$C7:$C403,MATCH($A6,'04_06_OMRI -6500'!$A7:$A403,0))/1.98 -> 4207.5758 | O6: =DSM2_Historic_data!E6 -> 0 | P6: =N6 -> 4207.5758 | Q6: -5000 | S6: =Q6 -> -5000 | T6: =INDEX('04_06_OMRI -5000'!$B7:$B396,MATCH($A6,'04_06_OMRI -5000'!$A7:$A396,0))/1.98 -> 601.0101 | V6: =T6 -> 601.0101 | W6: =INDEX('04_06_OMRI -5000'!$C7:$C396,MATCH($A6,'04_06_OMRI -5000'!$A7:$A396,0))/1.98 -> 3506.0606 | Y6: =W6 -> 3506.0606 | Z6: -3500 | AB6: =Z6 -> -3500 | AC6: =INDEX('04_06_OMRI -3500'!$B7:$B396,MATCH($A6,'04_06_OMRI -3500'!$A7:$A396,0))/1.98 -> 601.0101 | AE6: =AC6 -> 601.0101 | AF6: =INDEX('04_06_OMRI -3500'!$C7:$C396,MATCH($A6,'04_06_OMRI -3500'!$A7:$A396,0))/1.98 -> 2704.5455 | AH6: =AF6 -> 2704.5455 | AI6: -2000 | AK6: =AI6 -> -2000 | AL6: =INDEX('04_06_OMRI-2000'!$B7:$B396,MATCH($A6,'04_06_OMRI-2000'!$A7:$A396,0))/1.98 -> 601.0101 | AN6: =AL6 -> 601.0101 | AO6: =INDEX('04_06_OMRI-2000'!$C7:$C396,MATCH($A6,'04_06_OMRI-2000'!$A7:$A396,0))/1.98 -> 1803.0303 | AQ6: =AO6 -> 1803.0303 | AS6: =N6/(K6+N6) -> 0.87501313 | AT6: =W6/(T6+W6) -> 0.85366454 | AU6: =AF6/(AC6+AF6) -> 0.81818182 | AV6: =AO6/(AL6+AO6) -> 0.75
A7: =A6+1 -> 46123 | B7: =INDEX('04_06_OMRI-2000'!$E$4:$E$393,MATCH($A7,'04_06_OMRI-2000'!$A$4:$A$393,0)) -> 15314 | C7: =DSM2_Historic_data!B7 -> 0 | D7: =B7 -> 15314 | E7: =INDEX('04_06_OMRI-2000'!$D$4:$D$393,MATCH($A7,'04_06_OMRI-2000'!$A$4:$A$393,0)) -> 2500 | F7: =DSM2_Historic_data!C7 -> 0 | G7: =E7 -> 2500 | H7: =-6500 -> -6500 | J7: =H7 -> -6500 | K7: =INDEX('04_06_OMRI -6500'!$B8:$B404,MATCH($A7,'04_06_OMRI -6500'!$A8:$A404,0))/1.98 -> 601.0101 | L7: =DSM2_Historic_data!D7 -> 0 | M7: =K7 -> 601.0101 | N7: =INDEX('04_06_OMRI -6500'!$C8:$C404,MATCH($A7,'04_06_OMRI -6500'!$A8:$A404,0))/1.98 -> 4207.5758 | O7: =DSM2_Historic_data!E7 -> 0 | P7: =N7 -> 4207.5758 | Q7: -5000 | S7: =Q7 -> -5000 | T7: =INDEX('04_06_OMRI -5000'!$B8:$B397,MATCH($A7,'04_06_OMRI -5000'!$A8:$A397,0))/1.98 -> 601.0101 | V7: =T7 -> 601.0101 | W7: =INDEX('04_06_OMRI -5000'!$C8:$C397,MATCH($A7,'04_06_OMRI -5000'!$A8:$A397,0))/1.98 -> 3506.0606 | Y7: =W7 -> 3506.0606 | Z7: -3500 | AB7: =Z7 -> -3500 | AC7: =INDEX('04_06_OMRI -3500'!$B8:$B397,MATCH($A7,'04_06_OMRI -3500'!$A8:$A397,0))/1.98 -> 601.0101 | AE7: =AC7 -> 601.0101 | AF7: =INDEX('04_06_OMRI -3500'!$C8:$C397,MATCH($A7,'04_06_OMRI -3500'!$A8:$A397,0))/1.98 -> 2704.5455 | AH7: =AF7 -> 2704.5455 | AI7: -2000 | AK7: =AI7 -> -2000 | AL7: =INDEX('04_06_OMRI-2000'!$B8:$B397,MATCH($A7,'04_06_OMRI-2000'!$A8:$A397,0))/1.98 -> 601.0101 | AN7: =AL7 -> 601.0101 | AO7: =INDEX('04_06_OMRI-2000'!$C8:$C397,MATCH($A7,'04_06_OMRI-2000'!$A8:$A397,0))/1.98 -> 1803.0303 | AQ7: =AO7 -> 1803.0303 | AS7: =N7/(K7+N7) -> 0.87501313 | AT7: =W7/(T7+W7) -> 0.85366454 | AU7: =AF7/(AC7+AF7) -> 0.81818182 | AV7: =AO7/(AL7+AO7) -> 0.75
A8: =A7+1 -> 46124 | B8: =INDEX('04_06_OMRI-2000'!$E$4:$E$393,MATCH($A8,'04_06_OMRI-2000'!$A$4:$A$393,0)) -> 16511 | C8: =DSM2_Historic_data!B8 -> 0 | D8: =B8 -> 16511 | E8: =INDEX('04_06_OMRI-2000'!$D$4:$D$393,MATCH($A8,'04_06_OMRI-2000'!$A$4:$A$393,0)) -> 2450 | F8: =DSM2_Historic_data!C8 -> 0 | G8: =E8 -> 2450 | H8: =-6500 -> -6500 | J8: =H8 -> -6500 | K8: =INDEX('04_06_OMRI -6500'!$B9:$B405,MATCH($A8,'04_06_OMRI -6500'!$A9:$A405,0))/1.98 -> 601.0101 | L8: =DSM2_Historic_data!D8 -> 0 | M8: =K8 -> 601.0101 | N8: =INDEX('04_06_OMRI -6500'!$C9:$C405,MATCH($A8,'04_06_OMRI -6500'!$A9:$A405,0))/1.98 -> 4207.5758 | O8: =DSM2_Historic_data!E8 -> 0 | P8: =N8 -> 4207.5758 | Q8: -5000 | S8: =Q8 -> -5000 | T8: =INDEX('04_06_OMRI -5000'!$B9:$B398,MATCH($A8,'04_06_OMRI -5000'!$A9:$A398,0))/1.98 -> 601.0101 | V8: =T8 -> 601.0101 | W8: =INDEX('04_06_OMRI -5000'!$C9:$C398,MATCH($A8,'04_06_OMRI -5000'!$A9:$A398,0))/1.98 -> 3506.0606 | Y8: =W8 -> 3506.0606 | Z8: -3500 | AB8: =Z8 -> -3500 | AC8: =INDEX('04_06_OMRI -3500'!$B9:$B398,MATCH($A8,'04_06_OMRI -3500'!$A9:$A398,0))/1.98 -> 601.0101 | AE8: =AC8 -> 601.0101 | AF8: =INDEX('04_06_OMRI -3500'!$C9:$C398,MATCH($A8,'04_06_OMRI -3500'!$A9:$A398,0))/1.98 -> 2704.5455 | AH8: =AF8 -> 2704.5455 | AI8: -2000 | AK8: =AI8 -> -2000 | AL8: =INDEX('04_06_OMRI-2000'!$B9:$B398,MATCH($A8,'04_06_OMRI-2000'!$A9:$A398,0))/1.98 -> 601.0101 | AN8: =AL8 -> 601.0101 | AO8: =INDEX('04_06_OMRI-2000'!$C9:$C398,MATCH($A8,'04_06_OMRI-2000'!$A9:$A398,0))/1.98 -> 1803.0303 | AQ8: =AO8 -> 1803.0303 | AS8: =N8/(K8+N8) -> 0.87501313 | AT8: =W8/(T8+W8) -> 0.85366454 | AU8: =AF8/(AC8+AF8) -> 0.81818182 | AV8: =AO8/(AL8+AO8) -> 0.75
A9: =A8+1 -> 46125 | B9: =INDEX('04_06_OMRI-2000'!$E$4:$E$393,MATCH($A9,'04_06_OMRI-2000'!$A$4:$A$393,0)) -> 16887 | D9: =B9 -> 16887 | E9: =INDEX('04_06_OMRI-2000'!$D$4:$D$393,MATCH($A9,'04_06_OMRI-2000'!$A$4:$A$393,0)) -> 2400 | G9: =E9 -> 2400 | H9: =-6500 -> -6500 | J9: =H9 -> -6500 | K9: =INDEX('04_06_OMRI -6500'!$B10:$B406,MATCH($A9,'04_06_OMRI -6500'!$A10:$A406,0))/1.98 -> 601.0101 | M9: =K9 -> 601.0101 | N9: =INDEX('04_06_OMRI -6500'!$C10:$C406,MATCH($A9,'04_06_OMRI -6500'!$A10:$A406,0))/1.98 -> 901.51515 | P9: =N9 -> 901.51515 | Q9: -5000 | S9: =Q9 -> -5000 | T9: =INDEX('04_06_OMRI -5000'!$B10:$B399,MATCH($A9,'04_06_OMRI -5000'!$A10:$A399,0))/1.98 -> 601.0101 | V9: =T9 -> 601.0101 | W9: =INDEX('04_06_OMRI -5000'!$C10:$C399,MATCH($A9,'04_06_OMRI -5000'!$A10:$A399,0))/1.98 -> 901.51515 | Y9: =W9 -> 901.51515 | Z9: -3500 | AB9: =Z9 -> -3500 | AC9: =INDEX('04_06_OMRI -3500'!$B10:$B399,MATCH($A9,'04_06_OMRI -3500'!$A10:$A399,0))/1.98 -> 601.0101 | AE9: =AC9 -> 601.0101 | AF9: =INDEX('04_06_OMRI -3500'!$C10:$C399,MATCH($A9,'04_06_OMRI -3500'!$A10:$A399,0))/1.98 -> 901.51515 | AH9: =AF9 -> 901.51515 | AI9: -2000 | AK9: =AI9 -> -2000 | AL9: =INDEX('04_06_OMRI-2000'!$B10:$B399,MATCH($A9,'04_06_OMRI-2000'!$A10:$A399,0))/1.98 -> 601.0101 | AN9: =AL9 -> 601.0101 | AO9: =INDEX('04_06_OMRI-2000'!$C10:$C399,MATCH($A9,'04_06_OMRI-2000'!$A10:$A399,0))/1.98 -> 901.51515 | AQ9: =AO9 -> 901.51515 | AS9: =N9/(K9+N9) -> 0.6 | AT9: =W9/(T9+W9) -> 0.6 | AU9: =AF9/(AC9+AF9) -> 0.6 | AV9: =AO9/(AL9+AO9) -> 0.6
A10: =A9+1 -> 46126 | B10: =INDEX('04_06_OMRI-2000'!$E$4:$E$393,MATCH($A10,'04_06_OMRI-2000'!$A$4:$A$393,0)) -> 16858 | D10: =B10 -> 16858 | E10: =INDEX('04_06_OMRI-2000'!$D$4:$D$393,MATCH($A10,'04_06_OMRI-2000'!$A$4:$A$393,0)) -> 2350 | G10: =E10 -> 2350 | H10: =-6500 -> -6500 | J10: =H10 -> -6500 | K10: =INDEX('04_06_OMRI -6500'!$B11:$B407,MATCH($A10,'04_06_OMRI -6500'!$A11:$A407,0))/1.98 -> 601.0101 | M10: =K10 -> 601.0101 | N10: =INDEX('04_06_OMRI -6500'!$C11:$C407,MATCH($A10,'04_06_OMRI -6500'!$A11:$A407,0))/1.98 -> 901.51515 | P10: =N10 -> 901.51515 | Q10: -5000 | S10: =Q10 -> -5000 | T10: =INDEX('04_06_OMRI -5000'!$B11:$B400,MATCH($A10,'04_06_OMRI -5000'!$A11:$A400,0))/1.98 -> 601.0101 | V10: =T10 -> 601.0101 | W10: =INDEX('04_06_OMRI -5000'!$C11:$C400,MATCH($A10,'04_06_OMRI -5000'!$A11:$A400,0))/1.98 -> 901.51515 | Y10: =W10 -> 901.51515 | Z10: -3500 | AB10: =Z10 -> -3500 | AC10: =INDEX('04_06_OMRI -3500'!$B11:$B400,MATCH($A10,'04_06_OMRI -3500'!$A11:$A400,0))/1.98 -> 601.0101 | AE10: =AC10 -> 601.0101 | AF10: =INDEX('04_06_OMRI -3500'!$C11:$C400,MATCH($A10,'04_06_OMRI -3500'!$A11:$A400,0))/1.98 -> 901.51515 | AH10: =AF10 -> 901.51515 | AI10: -2000 | AK10: =AI10 -> -2000 | AL10: =INDEX('04_06_OMRI-2000'!$B11:$B400,MATCH($A10,'04_06_OMRI-2000'!$A11:$A400,0))/1.98 -> 601.0101 | AN10: =AL10 -> 601.0101 | AO10: =INDEX('04_06_OMRI-2000'!$C11:$C400,MATCH($A10,'04_06_OMRI-2000'!$A11:$A400,0))/1.98 -> 901.51515 | AQ10: =AO10 -> 901.51515 | AS10: =N10/(K10+N10) -> 0.6 | AT10: =W10/(T10+W10) -> 0.6 | AU10: =AF10/(AC10+AF10) -> 0.6 | AV10: =AO10/(AL10+AO10) -> 0.6
A11: =A10+1 -> 46127 | B11: =INDEX('04_06_OMRI-2000'!$E$4:$E$393,MATCH($A11,'04_06_OMRI-2000'!$A$4:$A$393,0)) -> 16705 | D11: =B11 -> 16705 | E11: =INDEX('04_06_OMRI-2000'!$D$4:$D$393,MATCH($A11,'04_06_OMRI-2000'!$A$4:$A$393,0)) -> 2300 | G11: =E11 -> 2300 | H11: =-6500 -> -6500 | J11: =H11 -> -6500 | K11: =INDEX('04_06_OMRI -6500'!$B12:$B408,MATCH($A11,'04_06_OMRI -6500'!$A12:$A408,0))/1.98 -> 601.0101 | M11: =K11 -> 601.0101 | N11: =INDEX('04_06_OMRI -6500'!$C12:$C408,MATCH($A11,'04_06_OMRI -6500'!$A12:$A408,0))/1.98 -> 901.51515 | P11: =N11 -> 901.51515 | Q11: -5000 | S11: =Q11 -> -5000 | T11: =INDEX('04_06_OMRI -5000'!$B12:$B401,MATCH($A11,'04_06_OMRI -5000'!$A12:$A401,0))/1.98 -> 601.0101 | V11: =T11 -> 601.0101 | W11: =INDEX('04_06_OMRI -5000'!$C12:$C401,MATCH($A11,'04_06_OMRI -5000'!$A12:$A401,0))/1.98 -> 901.51515 | Y11: =W11 -> 901.51515 | Z11: -3500 | AB11: =Z11 -> -3500 | AC11: =INDEX('04_06_OMRI -3500'!$B12:$B401,MATCH($A11,'04_06_OMRI -3500'!$A12:$A401,0))/1.98 -> 601.0101 | AE11: =AC11 -> 601.0101 | AF11: =INDEX('04_06_OMRI -3500'!$C12:$C401,MATCH($A11,'04_06_OMRI -3500'!$A12:$A401,0))/1.98 -> 901.51515 | AH11: =AF11 -> 901.51515 | AI11: -2000 | AK11: =AI11 -> -2000 | AL11: =INDEX('04_06_OMRI-2000'!$B12:$B401,MATCH($A11,'04_06_OMRI-2000'!$A12:$A401,0))/1.98 -> 601.0101 | AN11: =AL11 -> 601.0101 | AO11: =INDEX('04_06_OMRI-2000'!$C12:$C401,MATCH($A11,'04_06_OMRI-2000'!$A12:$A401,0))/1.98 -> 901.51515 | AQ11: =AO11 -> 901.51515 | AS11: =N11/(K11+N11) -> 0.6 | AT11: =W11/(T11+W11) -> 0.6 | AU11: =AF11/(AC11+AF11) -> 0.6 | AV11: =AO11/(AL11+AO11) -> 0.6
A12: =A11+1 -> 46128 | B12: =INDEX('04_06_OMRI-2000'!$E$4:$E$393,MATCH($A12,'04_06_OMRI-2000'!$A$4:$A$393,0)) -> 16000 | D12: =B12 -> 16000 | E12: =INDEX('04_06_OMRI-2000'!$D$4:$D$393,MATCH($A12,'04_06_OMRI-2000'!$A$4:$A$393,0)) -> 2250 | G12: =E12 -> 2250 | H12: =-6500 -> -6500 | J12: =H12 -> -6500 | K12: =INDEX('04_06_OMRI -6500'!$B13:$B409,MATCH($A12,'04_06_OMRI -6500'!$A13:$A409,0))/1.98 -> 601.0101 | M12: =K12 -> 601.0101 | N12: =INDEX('04_06_OMRI -6500'!$C13:$C409,MATCH($A12,'04_06_OMRI -6500'!$A13:$A409,0))/1.98 -> 901.51515 | P12: =N12 -> 901.51515 | Q12: -5000 | S12: =Q12 -> -5000 | T12: =INDEX('04_06_OMRI -5000'!$B13:$B402,MATCH($A12,'04_06_OMRI -5000'!$A13:$A402,0))/1.98 -> 601.0101 | V12: =T12 -> 601.0101 | W12: =INDEX('04_06_OMRI -5000'!$C13:$C402,MATCH($A12,'04_06_OMRI -5000'!$A13:$A402,0))/1.98 -> 901.51515 | Y12: =W12 -> 901.51515 | Z12: -3500 | AB12: =Z12 -> -3500 | AC12: =INDEX('04_06_OMRI -3500'!$B13:$B402,MATCH($A12,'04_06_OMRI -3500'!$A13:$A402,0))/1.98 -> 601.0101 | AE12: =AC12 -> 601.0101 | AF12: =INDEX('04_06_OMRI -3500'!$C13:$C402,MATCH($A12,'04_06_OMRI -3500'!$A13:$A402,0))/1.98 -> 901.51515 | AH12: =AF12 -> 901.51515 | AI12: -2000 | AK12: =AI12 -> -2000 | AL12: =INDEX('04_06_OMRI-2000'!$B13:$B402,MATCH($A12,'04_06_OMRI-2000'!$A13:$A402,0))/1.98 -> 601.0101 | AN12: =AL12 -> 601.0101 | AO12: =INDEX('04_06_OMRI-2000'!$C13:$C402,MATCH($A12,'04_06_OMRI-2000'!$A13:$A402,0))/1.98 -> 901.51515 | AQ12: =AO12 -> 901.51515 | AS12: =N12/(K12+N12) -> 0.6 | AT12: =W12/(T12+W12) -> 0.6 | AU12: =AF12/(AC12+AF12) -> 0.6 | AV12: =AO12/(AL12+AO12) -> 0.6
A13: =A12+1 -> 46129 | B13: =INDEX('04_06_OMRI-2000'!$E$4:$E$393,MATCH($A13,'04_06_OMRI-2000'!$A$4:$A$393,0)) -> 15000 | D13: =B13 -> 15000 | E13: =INDEX('04_06_OMRI-2000'!$D$4:$D$393,MATCH($A13,'04_06_OMRI-2000'!$A$4:$A$393,0)) -> 2200 | G13: =E13 -> 2200 | H13: =-6500 -> -6500 | J13: =H13 -> -6500 | K13: =INDEX('04_06_OMRI -6500'!$B14:$B410,MATCH($A13,'04_06_OMRI -6500'!$A14:$A410,0))/1.98 -> 601.0101 | M13: =K13 -> 601.0101 | N13: =INDEX('04_06_OMRI -6500'!$C14:$C410,MATCH($A13,'04_06_OMRI -6500'!$A14:$A410,0))/1.98 -> 901.51515 | P13: =N13 -> 901.51515 | Q13: -5000 | S13: =Q13 -> -5000 | T13: =INDEX('04_06_OMRI -5000'!$B14:$B403,MATCH($A13,'04_06_OMRI -5000'!$A14:$A403,0))/1.98 -> 601.0101 | V13: =T13 -> 601.0101 | W13: =INDEX('04_06_OMRI -5000'!$C14:$C403,MATCH($A13,'04_06_OMRI -5000'!$A14:$A403,0))/1.98 -> 901.51515 | Y13: =W13 -> 901.51515 | Z13: -3500 | AB13: =Z13 -> -3500 | AC13: =INDEX('04_06_OMRI -3500'!$B14:$B403,MATCH($A13,'04_06_OMRI -3500'!$A14:$A403,0))/1.98 -> 601.0101 | AE13: =AC13 -> 601.0101 | AF13: =INDEX('04_06_OMRI -3500'!$C14:$C403,MATCH($A13,'04_06_OMRI -3500'!$A14:$A403,0))/1.98 -> 901.51515 | AH13: =AF13 -> 901.51515 | AI13: -2000 | AK13: =AI13 -> -2000 | AL13: =INDEX('04_06_OMRI-2000'!$B14:$B403,MATCH($A13,'04_06_OMRI-2000'!$A14:$A403,0))/1.98 -> 601.0101 | AN13: =AL13 -> 601.0101 | AO13: =INDEX('04_06_OMRI-2000'!$C14:$C403,MATCH($A13,'04_06_OMRI-2000'!$A14:$A403,0))/1.98 -> 901.51515 | AQ13: =AO13 -> 901.51515 | AS13: =N13/(K13+N13) -> 0.6 | AT13: =W13/(T13+W13) -> 0.6 | AU13: =AF13/(AC13+AF13) -> 0.6 | AV13: =AO13/(AL13+AO13) -> 0.6
A14: =A13+1 -> 46130 | B14: =INDEX('04_06_OMRI-2000'!$E$4:$E$393,MATCH($A14,'04_06_OMRI-2000'!$A$4:$A$393,0)) -> 14000 | D14: =B14 -> 14000 | E14: =INDEX('04_06_OMRI-2000'!$D$4:$D$393,MATCH($A14,'04_06_OMRI-2000'!$A$4:$A$393,0)) -> 2200 | G14: =E14 -> 2200 | H14: =-6500 -> -6500 | J14: =H14 -> -6500 | K14: =INDEX('04_06_OMRI -6500'!$B15:$B411,MATCH($A14,'04_06_OMRI -6500'!$A15:$A411,0))/1.98 -> 601.0101 | M14: =K14 -> 601.0101 | N14: =INDEX('04_06_OMRI -6500'!$C15:$C411,MATCH($A14,'04_06_OMRI -6500'!$A15:$A411,0))/1.98 -> 901.51515 | P14: =N14 -> 901.51515 | Q14: -5000 | S14: =Q14 -> -5000 | T14: =INDEX('04_06_OMRI -5000'!$B15:$B404,MATCH($A14,'04_06_OMRI -5000'!$A15:$A404,0))/1.98 -> 601.0101 | V14: =T14 -> 601.0101 | W14: =INDEX('04_06_OMRI -5000'!$C15:$C404,MATCH($A14,'04_06_OMRI -5000'!$A15:$A404,0))/1.98 -> 901.51515 | Y14: =W14 -> 901.51515 | Z14: -3500 | AB14: =Z14 -> -3500 | AC14: =INDEX('04_06_OMRI -3500'!$B15:$B404,MATCH($A14,'04_06_OMRI -3500'!$A15:$A404,0))/1.98 -> 601.0101 | AE14: =AC14 -> 601.0101 | AF14: =INDEX('04_06_OMRI -3500'!$C15:$C404,MATCH($A14,'04_06_OMRI -3500'!$A15:$A404,0))/1.98 -> 901.51515 | AH14: =AF14 -> 901.51515 | AI14: -2000 | AK14: =AI14 -> -2000 | AL14: =INDEX('04_06_OMRI-2000'!$B15:$B404,MATCH($A14,'04_06_OMRI-2000'!$A15:$A404,0))/1.98 -> 601.0101 | AN14: =AL14 -> 601.0101 | AO14: =INDEX('04_06_OMRI-2000'!$C15:$C404,MATCH($A14,'04_06_OMRI-2000'!$A15:$A404,0))/1.98 -> 901.51515 | AQ14: =AO14 -> 901.51515 | AS14: =N14/(K14+N14) -> 0.6 | AT14: =W14/(T14+W14) -> 0.6 | AU14: =AF14/(AC14+AF14) -> 0.6 | AV14: =AO14/(AL14+AO14) -> 0.6
A15: =A14+1 -> 46131 | B15: =INDEX('04_06_OMRI-2000'!$E$4:$E$393,MATCH($A15,'04_06_OMRI-2000'!$A$4:$A$393,0)) -> 13000 | D15: =B15 -> 13000 | E15: =INDEX('04_06_OMRI-2000'!$D$4:$D$393,MATCH($A15,'04_06_OMRI-2000'!$A$4:$A$393,0)) -> 2200 | G15: =E15 -> 2200 | H15: =-6500 -> -6500 | J15: =H15 -> -6500 | K15: =INDEX('04_06_OMRI -6500'!$B16:$B412,MATCH($A15,'04_06_OMRI -6500'!$A16:$A412,0))/1.98 -> 601.0101 | M15: =K15 -> 601.0101 | N15: =INDEX('04_06_OMRI -6500'!$C16:$C412,MATCH($A15,'04_06_OMRI -6500'!$A16:$A412,0))/1.98 -> 901.51515 | P15: =N15 -> 901.51515 | Q15: -5000 | S15: =Q15 -> -5000 | T15: =INDEX('04_06_OMRI -5000'!$B16:$B405,MATCH($A15,'04_06_OMRI -5000'!$A16:$A405,0))/1.98 -> 601.0101 | V15: =T15 -> 601.0101 | W15: =INDEX('04_06_OMRI -5000'!$C16:$C405,MATCH($A15,'04_06_OMRI -5000'!$A16:$A405,0))/1.98 -> 901.51515 | Y15: =W15 -> 901.51515 | Z15: -3500 | AB15: =Z15 -> -3500 | AC15: =INDEX('04_06_OMRI -3500'!$B16:$B405,MATCH($A15,'04_06_OMRI -3500'!$A16:$A405,0))/1.98 -> 601.0101 | AE15: =AC15 -> 601.0101 | AF15: =INDEX('04_06_OMRI -3500'!$C16:$C405,MATCH($A15,'04_06_OMRI -3500'!$A16:$A405,0))/1.98 -> 901.51515 | AH15: =AF15 -> 901.51515 | AI15: -2000 | AK15: =AI15 -> -2000 | AL15: =INDEX('04_06_OMRI-2000'!$B16:$B405,MATCH($A15,'04_06_OMRI-2000'!$A16:$A405,0))/1.98 -> 601.0101 | AN15: =AL15 -> 601.0101 | AO15: =INDEX('04_06_OMRI-2000'!$C16:$C405,MATCH($A15,'04_06_OMRI-2000'!$A16:$A405,0))/1.98 -> 901.51515 | AQ15: =AO15 -> 901.51515 | AS15: =N15/(K15+N15) -> 0.6 | AT15: =W15/(T15+W15) -> 0.6 | AU15: =AF15/(AC15+AF15) -> 0.6 | AV15: =AO15/(AL15+AO15) -> 0.6
A16: =A15+1 -> 46132 | B16: =INDEX('04_06_OMRI-2000'!$E$4:$E$393,MATCH($A16,'04_06_OMRI-2000'!$A$4:$A$393,0)) -> 13000 | D16: =B16 -> 13000 | E16: =INDEX('04_06_OMRI-2000'!$D$4:$D$393,MATCH($A16,'04_06_OMRI-2000'!$A$4:$A$393,0)) -> 2200 | G16: =E16 -> 2200 | H16: =-6500 -> -6500 | J16: =H16 -> -6500 | K16: =INDEX('04_06_OMRI -6500'!$B17:$B413,MATCH($A16,'04_06_OMRI -6500'!$A17:$A413,0))/1.98 -> 601.0101 | M16: =K16 -> 601.0101 | N16: =INDEX('04_06_OMRI -6500'!$C17:$C413,MATCH($A16,'04_06_OMRI -6500'!$A17:$A413,0))/1.98 -> 901.51515 | P16: =N16 -> 901.51515 | Q16: -5000 | S16: =Q16 -> -5000 | T16: =INDEX('04_06_OMRI -5000'!$B17:$B406,MATCH($A16,'04_06_OMRI -5000'!$A17:$A406,0))/1.98 -> 601.0101 | V16: =T16 -> 601.0101 | W16: =INDEX('04_06_OMRI -5000'!$C17:$C406,MATCH($A16,'04_06_OMRI -5000'!$A17:$A406,0))/1.98 -> 901.51515 | Y16: =W16 -> 901.51515 | Z16: -3500 | AB16: =Z16 -> -3500 | AC16: =INDEX('04_06_OMRI -3500'!$B17:$B406,MATCH($A16,'04_06_OMRI -3500'!$A17:$A406,0))/1.98 -> 601.0101 | AE16: =AC16 -> 601.0101 | AF16: =INDEX('04_06_OMRI -3500'!$C17:$C406,MATCH($A16,'04_06_OMRI -3500'!$A17:$A406,0))/1.98 -> 901.51515 | AH16: =AF16 -> 901.51515 | AI16: -2000 | AK16: =AI16 -> -2000 | AL16: =INDEX('04_06_OMRI-2000'!$B17:$B406,MATCH($A16,'04_06_OMRI-2000'!$A17:$A406,0))/1.98 -> 601.0101 | AN16: =AL16 -> 601.0101 | AO16: =INDEX('04_06_OMRI-2000'!$C17:$C406,MATCH($A16,'04_06_OMRI-2000'!$A17:$A406,0))/1.98 -> 901.51515 | AQ16: =AO16 -> 901.51515 | AS16: =N16/(K16+N16) -> 0.6 | AT16: =W16/(T16+W16) -> 0.6 | AU16: =AF16/(AC16+AF16) -> 0.6 | AV16: =AO16/(AL16+AO16) -> 0.6
A17: =A16+1 -> 46133 | B17: =INDEX('04_06_OMRI-2000'!$E$4:$E$393,MATCH($A17,'04_06_OMRI-2000'!$A$4:$A$393,0)) -> 13000 | D17: =B17 -> 13000 | E17: =INDEX('04_06_OMRI-2000'!$D$4:$D$393,MATCH($A17,'04_06_OMRI-2000'!$A$4:$A$393,0)) -> 2200 | G17: =E17 -> 2200 | H17: =-6500 -> -6500 | J17: =H17 -> -6500 | K17: =INDEX('04_06_OMRI -6500'!$B18:$B414,MATCH($A17,'04_06_OMRI -6500'!$A18:$A414,0))/1.98 -> 601.0101 | M17: =K17 -> 601.0101 | N17: =INDEX('04_06_OMRI -6500'!$C18:$C414,MATCH($A17,'04_06_OMRI -6500'!$A18:$A414,0))/1.98 -> 901.51515 | P17: =N17 -> 901.51515 | Q17: -5000 | S17: =Q17 -> -5000 | T17: =INDEX('04_06_OMRI -5000'!$B18:$B407,MATCH($A17,'04_06_OMRI -5000'!$A18:$A407,0))/1.98 -> 601.0101 | V17: =T17 -> 601.0101 | W17: =INDEX('04_06_OMRI -5000'!$C18:$C407,MATCH($A17,'04_06_OMRI -5000'!$A18:$A407,0))/1.98 -> 901.51515 | Y17: =W17 -> 901.51515 | Z17: -3500 | AB17: =Z17 -> -3500 | AC17: =INDEX('04_06_OMRI -3500'!$B18:$B407,MATCH($A17,'04_06_OMRI -3500'!$A18:$A407,0))/1.98 -> 601.0101 | AE17: =AC17 -> 601.0101 | AF17: =INDEX('04_06_OMRI -3500'!$C18:$C407,MATCH($A17,'04_06_OMRI -3500'!$A18:$A407,0))/1.98 -> 901.51515 | AH17: =AF17 -> 901.51515 | AI17: -2000 | AK17: =AI17 -> -2000 | AL17: =INDEX('04_06_OMRI-2000'!$B18:$B407,MATCH($A17,'04_06_OMRI-2000'!$A18:$A407,0))/1.98 -> 601.0101 | AN17: =AL17 -> 601.0101 | AO17: =INDEX('04_06_OMRI-2000'!$C18:$C407,MATCH($A17,'04_06_OMRI-2000'!$A18:$A407,0))/1.98 -> 901.51515 | AQ17: =AO17 -> 901.51515 | AS17: =N17/(K17+N17) -> 0.6 | AT17: =W17/(T17+W17) -> 0.6 | AU17: =AF17/(AC17+AF17) -> 0.6 | AV17: =AO17/(AL17+AO17) -> 0.6
A18: =A17+1 -> 46134 | B18: =INDEX('04_06_OMRI-2000'!$E$4:$E$393,MATCH($A18,'04_06_OMRI-2000'!$A$4:$A$393,0)) -> 13000 | D18: =B18 -> 13000 | E18: =INDEX('04_06_OMRI-2000'!$D$4:$D$393,MATCH($A18,'04_06_OMRI-2000'!$A$4:$A$393,0)) -> 2200 | G18: =E18 -> 2200 | H18: =-6500 -> -6500 | J18: =H18 -> -6500 | K18: =INDEX('04_06_OMRI -6500'!$B19:$B415,MATCH($A18,'04_06_OMRI -6500'!$A19:$A415,0))/1.98 -> 601.0101 | M18: =K18 -> 601.0101 | N18: =INDEX('04_06_OMRI -6500'!$C19:$C415,MATCH($A18,'04_06_OMRI -6500'!$A19:$A415,0))/1.98 -> 901.51515 | P18: =N18 -> 901.51515 | Q18: -5000 | S18: =Q18 -> -5000 | T18: =INDEX('04_06_OMRI -5000'!$B19:$B408,MATCH($A18,'04_06_OMRI -5000'!$A19:$A408,0))/1.98 -> 601.0101 | V18: =T18 -> 601.0101 | W18: =INDEX('04_06_OMRI -5000'!$C19:$C408,MATCH($A18,'04_06_OMRI -5000'!$A19:$A408,0))/1.98 -> 901.51515 | Y18: =W18 -> 901.51515 | Z18: -3500 | AB18: =Z18 -> -3500 | AC18: =INDEX('04_06_OMRI -3500'!$B19:$B408,MATCH($A18,'04_06_OMRI -3500'!$A19:$A408,0))/1.98 -> 601.0101 | AE18: =AC18 -> 601.0101 | AF18: =INDEX('04_06_OMRI -3500'!$C19:$C408,MATCH($A18,'04_06_OMRI -3500'!$A19:$A408,0))/1.98 -> 901.51515 | AH18: =AF18 -> 901.51515 | AI18: -2000 | AK18: =AI18 -> -2000 | AL18: =INDEX('04_06_OMRI-2000'!$B19:$B408,MATCH($A18,'04_06_OMRI-2000'!$A19:$A408,0))/1.98 -> 601.0101 | AN18: =AL18 -> 601.0101 | AO18: =INDEX('04_06_OMRI-2000'!$C19:$C408,MATCH($A18,'04_06_OMRI-2000'!$A19:$A408,0))/1.98 -> 901.51515 | AQ18: =AO18 -> 901.51515 | AS18: =N18/(K18+N18) -> 0.6 | AT18: =W18/(T18+W18) -> 0.6 | AU18: =AF18/(AC18+AF18) -> 0.6 | AV18: =AO18/(AL18+AO18) -> 0.6
A19: =A18+1 -> 46135 | B19: =INDEX('04_06_OMRI-2000'!$E$4:$E$393,MATCH($A19,'04_06_OMRI-2000'!$A$4:$A$393,0)) -> 13000 | D19: =B19 -> 13000 | E19: =INDEX('04_06_OMRI-2000'!$D$4:$D$393,MATCH($A19,'04_06_OMRI-2000'!$A$4:$A$393,0)) -> 2200 | G19: =E19 -> 2200 | H19: =-6500 -> -6500 | J19: =H19 -> -6500 | K19: =INDEX('04_06_OMRI -6500'!$B20:$B416,MATCH($A19,'04_06_OMRI -6500'!$A20:$A416,0))/1.98 -> 601.0101 | M19: =K19 -> 601.0101 | N19: =INDEX('04_06_OMRI -6500'!$C20:$C416,MATCH($A19,'04_06_OMRI -6500'!$A20:$A416,0))/1.98 -> 901.51515 | P19: =N19 -> 901.51515 | Q19: -5000 | S19: =Q19 -> -5000 | T19: =INDEX('04_06_OMRI -5000'!$B20:$B409,MATCH($A19,'04_06_OMRI -5000'!$A20:$A409,0))/1.98 -> 601.0101 | V19: =T19 -> 601.0101 | W19: =INDEX('04_06_OMRI -5000'!$C20:$C409,MATCH($A19,'04_06_OMRI -5000'!$A20:$A409,0))/1.98 -> 901.51515 | Y19: =W19 -> 901.51515 | Z19: -3500 | AB19: =Z19 -> -3500 | AC19: =INDEX('04_06_OMRI -3500'!$B20:$B409,MATCH($A19,'04_06_OMRI -3500'!$A20:$A409,0))/1.98 -> 601.0101 | AE19: =AC19 -> 601.0101 | AF19: =INDEX('04_06_OMRI -3500'!$C20:$C409,MATCH($A19,'04_06_OMRI -3500'!$A20:$A409,0))/1.98 -> 901.51515 | AH19: =AF19 -> 901.51515 | AI19: -2000 | AK19: =AI19 -> -2000 | AL19: =INDEX('04_06_OMRI-2000'!$B20:$B409,MATCH($A19,'04_06_OMRI-2000'!$A20:$A409,0))/1.98 -> 601.0101 | AN19: =AL19 -> 601.0101 | AO19: =INDEX('04_06_OMRI-2000'!$C20:$C409,MATCH($A19,'04_06_OMRI-2000'!$A20:$A409,0))/1.98 -> 901.51515 | AQ19: =AO19 -> 901.51515 | AS19: =N19/(K19+N19) -> 0.6 | AT19: =W19/(T19+W19) -> 0.6 | AU19: =AF19/(AC19+AF19) -> 0.6 | AV19: =AO19/(AL19+AO19) -> 0.6
A20: =A19+1 -> 46136 | B20: =INDEX('04_06_OMRI-2000'!$E$4:$E$393,MATCH($A20,'04_06_OMRI-2000'!$A$4:$A$393,0)) -> 13000 | D20: =B20 -> 13000 | E20: =INDEX('04_06_OMRI-2000'!$D$4:$D$393,MATCH($A20,'04_06_OMRI-2000'!$A$4:$A$393,0)) -> 2200 | G20: =E20 -> 2200 | H20: =-6500 -> -6500 | J20: =H20 -> -6500 | K20: =INDEX('04_06_OMRI -6500'!$B21:$B417,MATCH($A20,'04_06_OMRI -6500'!$A21:$A417,0))/1.98 -> 601.0101 | M20: =K20 -> 601.0101 | N20: =INDEX('04_06_OMRI -6500'!$C21:$C417,MATCH($A20,'04_06_OMRI -6500'!$A21:$A417,0))/1.98 -> 901.51515 | P20: =N20 -> 901.51515 | Q20: -5000 | S20: =Q20 -> -5000 | T20: =INDEX('04_06_OMRI -5000'!$B21:$B410,MATCH($A20,'04_06_OMRI -5000'!$A21:$A410,0))/1.98 -> 601.0101 | V20: =T20 -> 601.0101 | W20: =INDEX('04_06_OMRI -5000'!$C21:$C410,MATCH($A20,'04_06_OMRI -5000'!$A21:$A410,0))/1.98 -> 901.51515 | Y20: =W20 -> 901.51515 | Z20: -3500 | AB20: =Z20 -> -3500 | AC20: =INDEX('04_06_OMRI -3500'!$B21:$B410,MATCH($A20,'04_06_OMRI -3500'!$A21:$A410,0))/1.98 -> 601.0101 | AE20: =AC20 -> 601.0101 | AF20: =INDEX('04_06_OMRI -3500'!$C21:$C410,MATCH($A20,'04_06_OMRI -3500'!$A21:$A410,0))/1.98 -> 901.51515 | AH20: =AF20 -> 901.51515 | AI20: -2000 | AK20: =AI20 -> -2000 | AL20: =INDEX('04_06_OMRI-2000'!$B21:$B410,MATCH($A20,'04_06_OMRI-2000'!$A21:$A410,0))/1.98 -> 601.0101 | AN20: =AL20 -> 601.0101 | AO20: =INDEX('04_06_OMRI-2000'!$C21:$C410,MATCH($A20,'04_06_OMRI-2000'!$A21:$A410,0))/1.98 -> 901.51515 | AQ20: =AO20 -> 901.51515 | AS20: =N20/(K20+N20) -> 0.6 | AT20: =W20/(T20+W20) -> 0.6 | AU20: =AF20/(AC20+AF20) -> 0.6 | AV20: =AO20/(AL20+AO20) -> 0.6
... A24: =A23+1 -> 46140 | B24: =INDEX('04_06_OMRI-2000'!$E$4:$E$393,MATCH($A24,'04_06_OMRI-2000'!$A$4:$A$393,0)) -> 13000 | D24: =B24 -> 13000 | E24: =INDEX('04_06_OMRI-2000'!$D$4:$D$393,MATCH($A24,'04_06_OMRI-2000'!$A$4:$A$393,0)) -> 2200 | G24: =E24 -> 2200 | H24: =-6500 -> -6500 | J24: =H24 -> -6500 | K24: =INDEX('04_06_OMRI -6500'!$B25:$B421,MATCH($A24,'04_06_OMRI -6500'!$A25:$A421,0))/1.98 -> 601.0101 | M24: =K24 -> 601.0101 | N24: =INDEX('04_06_OMRI -6500'!$C25:$C421,MATCH($A24,'04_06_OMRI -6500'!$A25:$A421,0))/1.98 -> 901.51515 | P24: =N24 -> 901.51515 | Q24: -5000 | S24: =Q24 -> -5000 | T24: =INDEX('04_06_OMRI -5000'!$B25:$B414,MATCH($A24,'04_06_OMRI -5000'!$A25:$A414,0))/1.98 -> 601.0101 | V24: =T24 -> 601.0101 | W24: =INDEX('04_06_OMRI -5000'!$C25:$C414,MATCH($A24,'04_06_OMRI -5000'!$A25:$A414,0))/1.98 -> 901.51515 | Y24: =W24 -> 901.51515 | Z24: -3500 | AB24: =Z24 -> -3500 | AC24: =INDEX('04_06_OMRI -3500'!$B25:$B414,MATCH($A24,'04_06_OMRI -3500'!$A25:$A414,0))/1.98 -> 601.0101 | AE24: =AC24 -> 601.0101 | AF24: =INDEX('04_06_OMRI -3500'!$C25:$C414,MATCH($A24,'04_06_OMRI -3500'!$A25:$A414,0))/1.98 -> 901.51515 | AH24: =AF24 -> 901.51515 | AI24: -2000 | AK24: =AI24 -> -2000 | AL24: =INDEX('04_06_OMRI-2000'!$B25:$B414,MATCH($A24,'04_06_OMRI-2000'!$A25:$A414,0))/1.98 -> 601.0101 | AN24: =AL24 -> 601.0101 | AO24: =INDEX('04_06_OMRI-2000'!$C25:$C414,MATCH($A24,'04_06_OMRI-2000'!$A25:$A414,0))/1.98 -> 901.51515 | AQ24: =AO24 -> 901.51515 | AS24: =N24/(K24+N24) -> 0.6 | AT24: =W24/(T24+W24) -> 0.6 | AU24: =AF24/(AC24+AF24) -> 0.6 | AV24: =AO24/(AL24+AO24) -> 0.6
K25: =AVERAGE(K3:K24) -> 601.0101 | N25: =AVERAGE(N3:N24) -> 1771.281 | T25: =AVERAGE(T3:T24) -> 601.0101 | W25: =AVERAGE(W3:W24) -> 1611.8457 | AC25: =AVERAGE(AC3:AC24) -> 601.0101 | AF25: =AVERAGE(AF3:AF24) -> 1429.6832 | AL25: =AVERAGE(AL3:AL24) -> 601.0101 | AO25: =AVERAGE(AO3:AO24) -> 1224.7934
Z33: Thresholds
T34: Sacramento River at Freeport (cfs) | V34: San Joaquin River at Vernalis (cfs) | AB34: Sacramento River at Freeport (cfs) | AC34: Flow bin | AD34: San Joaquin River at Vernalis (cfs)
R35: Week 1 | S35: =_xlfn.CONCAT(R35," (",TEXT(A3,"mm/dd/yyyy")," - ",TEXT(A9,"mm/dd/yyyy"),")") -> Week 1 (04/07/2026 - 04/13/2026) | T35: =AVERAGE(B3:B9) -> 14424.571 | U35: =IF(T35<=$AB$35,$AC$35,IF(T35>=$AB$37,$AC$37,$AC$36)) -> med | V35: =AVERAGE(E3:E9) -> 2530 | W35: =IF(V35<=$AD$35,$AC$35,IF(V35>=$AD$37,$AC$37,$AC$36)) -> med | X35: =_xlfn.CONCAT(U35,W35) -> medmed | AA35: <= | AB35: 13145 | AC35: lo | AD35: 1983
R36: Week 2 | S36: =_xlfn.CONCAT(R36," (",TEXT(A10,"mm/dd/yyyy")," - ",TEXT(A16,"mm/dd/yyyy"),")") -> Week 2 (04/14/2026 - 04/20/2026) | T36: =AVERAGE(B10:B16) -> 14937.571 | U36: =IF(T36<=$AB$35,$AC$35,IF(T36>=$AB$37,$AC$37,$AC$36)) -> med | V36: =AVERAGE(E10:E16) -> 2242.8571 | W36: =IF(V36<=$AD$35,$AC$35,IF(V36>=$AD$37,$AC$37,$AC$36)) -> med | X36: =_xlfn.CONCAT(U36,W36) -> medmed | AB36: 24725 | AC36: med | AD36: 4096
R37: Week 3 | S37: =_xlfn.CONCAT(R37," (",TEXT(A17,"mm/dd/yyyy")," - ",TEXT(A23,"mm/dd/yyyy"),")") -> Week 3 (04/21/2026 - 04/27/2026) | T37: =AVERAGE(B18:B24) -> 13000 | U37: =IF(T37<=$AB$35,$AC$35,IF(T37>=$AB$37,$AC$37,$AC$36)) -> lo | V37: =AVERAGE(E18:E24) -> 2200 | W37: =IF(V37<=$AD$35,$AC$35,IF(V37>=$AD$37,$AC$37,$AC$36)) -> med | X37: =_xlfn.CONCAT(U37,W37) -> lomed | AA37: >= | AB37: 24726 | AC37: hi | AD37: 4097
T41: OMR Bins | U41: CVP Exports (cfs) | V41: SWP Exports (cfs) | W41: Total Exports (cfs) | X41: CVP Exports (% of total) | Y41: SWP Exports (% of total))
S42: Week 1 | T42: =H3 -> -6500 | U42: =AVERAGE(N3:N9) -> 3635.0649 | V42: =AVERAGE(K3:K9) -> 601.0101 | W42: =V42+U42 -> 4236.075 | X42: =U42/(U42+V42) -> 0.858121 | Y42: =V42/(V42+U42) -> 0.141879
T43: -5000 | U43: =AVERAGE(W3:W9) -> 3133.9827 | V43: =AVERAGE(T3:T9) -> 601.0101 | W43: =V43+U43 -> 3734.9928 | X43: =U43/(U43+V43) -> 0.83908668 | Y43: =V43/(V43+U43) -> 0.16091332
T44: -3250 | U44: =AVERAGE(AF3:AF9) -> 2561.4719 | V44: =AVERAGE(AC3:AC9) -> 601.0101 | W44: =V44+U44 -> 3162.482 | X44: =U44/(U44+V44) -> 0.8099562 | Y44: =V44/(V44+U44) -> 0.1900438
T45: -2000 | U45: =AVERAGE(AO3:AO9) -> 1917.5325 | V45: =AVERAGE(AL3:AL9) -> 601.0101 | W45: =V45+U45 -> 2518.5426 | X45: =U45/(U45+V45) -> 0.76136592 | Y45: =V45/(V45+U45) -> 0.23863408
S46: Week 2 | T46: =T42 -> -6500 | U46: =AVERAGE(N10:N16) -> 901.51515 | V46: =AVERAGE(K10:K16) -> 601.0101 | W46: =V46+U46 -> 1502.5253 | X46: =U46/(U46+V46) -> 0.6 | Y46: =V46/(V46+U46) -> 0.4
T47: -5000 | U47: =AVERAGE(W10:W16) -> 901.51515 | V47: =AVERAGE(T10:T16) -> 601.0101 | W47: =V47+U47 -> 1502.5253 | X47: =U47/(U47+V47) -> 0.6 | Y47: =V47/(V47+U47) -> 0.4
T48: -3250 | U48: =AVERAGE(AF10:AF16) -> 901.51515 | V48: =AVERAGE(AC10:AC16) -> 601.0101 | W48: =V48+U48 -> 1502.5253 | X48: =U48/(U48+V48) -> 0.6 | Y48: =V48/(V48+U48) -> 0.4
T49: -2000 | U49: =AVERAGE(AO10:AO16) -> 901.51515 | V49: =AVERAGE(AL10:AL16) -> 601.0101 | W49: =V49+U49 -> 1502.5253 | X49: =U49/(U49+V49) -> 0.6 | Y49: =V49/(V49+U49) -> 0.4
S50: Week 3 | T50: =T46 -> -6500 | U50: =AVERAGE(N18:N24) -> 901.51515 | V50: =AVERAGE(K18:K24) -> 601.0101 | W50: =V50+U50 -> 1502.5253 | X50: =U50/(U50+V50) -> 0.6 | Y50: =V50/(V50+U50) -> 0.4
T51: -5000 | U51: =AVERAGE(W18:W24) -> 901.51515 | V51: =AVERAGE(T18:T24) -> 601.0101 | W51: =V51+U51 -> 1502.5253 | X51: =U51/(U51+V51) -> 0.6 | Y51: =V51/(V51+U51) -> 0.4
T52: -3250 | U52: =AVERAGE(AF18:AF24) -> 901.51515 | V52: =AVERAGE(AC18:AC24) -> 601.0101 | W52: =V52+U52 -> 1502.5253 | X52: =U52/(U52+V52) -> 0.6 | Y52: =V52/(V52+U52) -> 0.4
T53: -2000 | U53: =AVERAGE(AO18:AO24) -> 901.51515 | V53: =AVERAGE(AL18:AL24) -> 601.0101 | W53: =V53+U53 -> 1502.5253 | X53: =U53/(U53+V53) -> 0.6 | Y53: =V53/(V53+U53) -> 0.4

Sheet 04_06_OMRI-2000
A1: Forecast start date | D1: VNS-QR | E1: FPT-QR | K1: data type | M1: Data request:
A2: 46118 | B2: af | C2: af | D2: cfs | E2: cfs | F2: cfs | G2: cfs | H2: cfs | I2: cfs | J2: cfs | M2: 31 days of historical measured data prior to forecast date
A3: DATE | B3: CCF | C3: TPP | D3: VNS | E3: FPT | F3: CAL | G3: MOKE | H3: COS | I3: SACWEIR | J3: FREWEIR | M3: 14 days of forecast data after forecast date
A4: 46087 | B4: 8329 | C4: 8351 | D4: 6106 | E4: 50104 | F4: 104 | G4: 359 | H4: 1365 | I4: 0 | J4: 0 | K4: Measured
A5: 46088 | B5: 8121 | C5: 8367 | D5: 5683 | E5: 46516 | F5: 105 | G5: 352 | H5: 1207 | I5: 0 | J5: 0 | K5: Measured
A6: 46089 | B6: 7409 | C6: 8024 | D6: 5345 | E6: 43272 | F6: 112 | G6: 353 | H6: 1108 | I6: 0 | J6: 0 | K6: Measured
A7: 46090 | B7: 7120 | C7: 8399 | D7: 5186 | E7: 40656 | F7: 114 | G7: 357 | H7: 1065 | I7: 0 | J7: 0 | K7: Measured
A8: 46091 | B8: 7321 | C8: 8397 | D8: 5019 | E8: 39212 | F8: 78 | G8: 342 | H8: 1011 | I8: 0 | J8: 0 | K8: Measured
A9: 46092 | B9: 6928 | C9: 8361 | D9: 4919 | E9: 37076 | F9: 54 | G9: 342 | H9: 949 | I9: 0 | J9: 0 | K9: Measured
A10: 46093 | B10: 6942 | C10: 8353 | D10: 4792 | E10: 34136 | F10: 50 | G10: 331 | H10: 881 | I10: 0 | J10: 0 | K10: Measured
A11: 46094 | B11: 6740 | C11: 8370 | D11: 4728 | E11: 30884 | F11: 54 | G11: 335 | H11: 839 | I11: 0 | J11: 0 | K11: Measured
A12: 46095 | B12: 6528 | C12: 8378 | D12: 4813 | E12: 28720 | F12: 60 | G12: 330 | H12: 800 | I12: 0 | J12: 0 | K12: Measured
A13: 46096 | B13: 6536 | C13: 8359 | D13: 4885 | E13: 27508 | F13: 63 | G13: 294 | H13: 755 | I13: 0 | J13: 0 | K13: Measured
A14: 46097 | B14: 6005 | C14: 8343 | D14: 4883 | E14: 26652 | F14: 58 | G14: 236 | H14: 723 | I14: 0 | J14: 0 | K14: Measured
A15: 46098 | B15: 6736 | C15: 8358 | D15: 4741 | E15: 25584 | F15: 63 | G15: 226 | H15: 708 | I15: 0 | J15: 0 | K15: Measured
... A58: 46141 | B58: 1190 | C58: 1785 | D58: 2200 | E58: 13000 | F58: 69 | G58: 179 | H58: 510 | I58: 0 | J58: 0 | K58: Forecasted

Sheet 04_06_OMRI -3500
A1: Forecast start date | D1: VNS-QR | E1: FPT-QR | K1: data type | M1: Data request:
A2: 46118 | B2: af | C2: af | D2: cfs | E2: cfs | F2: cfs | G2: cfs | H2: cfs | I2: cfs | J2: cfs | M2: 31 days of historical measured data prior to forecast date
A3: DATE | B3: CCF | C3: TPP | D3: VNS | E3: FPT | F3: CAL | G3: MOKE | H3: COS | I3: SACWEIR | J3: FREWEIR | M3: 14 days of forecast data after forecast date
A4: 46087 | B4: 8329 | C4: 8351 | D4: 6106 | E4: 50104 | F4: 104 | G4: 359 | H4: 1365 | I4: 0 | J4: 0 | K4: Measured
A5: 46088 | B5: 8121 | C5: 8367 | D5: 5683 | E5: 46516 | F5: 105 | G5: 352 | H5: 1207 | I5: 0 | J5: 0 | K5: Measured
A6: 46089 | B6: 7409 | C6: 8024 | D6: 5345 | E6: 43272 | F6: 112 | G6: 353 | H6: 1108 | I6: 0 | J6: 0 | K6: Measured
A7: 46090 | B7: 7120 | C7: 8399 | D7: 5186 | E7: 40656 | F7: 114 | G7: 357 | H7: 1065 | I7: 0 | J7: 0 | K7: Measured
A8: 46091 | B8: 7321 | C8: 8397 | D8: 5019 | E8: 39212 | F8: 78 | G8: 342 | H8: 1011 | I8: 0 | J8: 0 | K8: Measured
A9: 46092 | B9: 6928 | C9: 8361 | D9: 4919 | E9: 37076 | F9: 54 | G9: 342 | H9: 949 | I9: 0 | J9: 0 | K9: Measured
A10: 46093 | B10: 6942 | C10: 8353 | D10: 4792 | E10: 34136 | F10: 50 | G10: 331 | H10: 881 | I10: 0 | J10: 0 | K10: Measured
A11: 46094 | B11: 6740 | C11: 8370 | D11: 4728 | E11: 30884 | F11: 54 | G11: 335 | H11: 839 | I11: 0 | J11: 0 | K11: Measured
A12: 46095 | B12: 6528 | C12: 8378 | D12: 4813 | E12: 28720 | F12: 60 | G12: 330 | H12: 800 | I12: 0 | J12: 0 | K12: Measured
A13: 46096 | B13: 6536 | C13: 8359 | D13: 4885 | E13: 27508 | F13: 63 | G13: 294 | H13: 755 | I13: 0 | J13: 0 | K13: Measured
A14: 46097 | B14: 6005 | C14: 8343 | D14: 4883 | E14: 26652 | F14: 58 | G14: 236 | H14: 723 | I14: 0 | J14: 0 | K14: Measured
A15: 46098 | B15: 6736 | C15: 8358 | D15: 4741 | E15: 25584 | F15: 63 | G15: 226 | H15: 708 | I15: 0 | J15: 0 | K15: Measured
... A58: 46141 | B58: 1190 | C58: 1785 | D58: 2200 | E58: 13000 | F58: 69 | G58: 179 | H58: 510 | I58: 0 | J58: 0 | K58: Forecasted

Sheet 04_06_OMRI -5000
A1: Forecast start date | D1: VNS-QR | E1: FPT-QR | K1: data type | M1: Data request:
A2: 46118 | B2: af | C2: af | D2: cfs | E2: cfs | F2: cfs | G2: cfs | H2: cfs | I2: cfs | J2: cfs | M2: 31 days of historical measured data prior to forecast date
A3: DATE | B3: CCF | C3: TPP | D3: VNS | E3: FPT | F3: CAL | G3: MOKE | H3: COS | I3: SACWEIR | J3: FREWEIR | M3: 14 days of forecast data after forecast date
A4: 46087 | B4: 8329 | C4: 8351 | D4: 6106 | E4: 50104 | F4: 104 | G4: 359 | H4: 1365 | I4: 0 | J4: 0 | K4: Measured
A5: 46088 | B5: 8121 | C5: 8367 | D5: 5683 | E5: 46516 | F5: 105 | G5: 352 | H5: 1207 | I5: 0 | J5: 0 | K5: Measured
A6: 46089 | B6: 7409 | C6: 8024 | D6: 5345 | E6: 43272 | F6: 112 | G6: 353 | H6: 1108 | I6: 0 | J6: 0 | K6: Measured
A7: 46090 | B7: 7120 | C7: 8399 | D7: 5186 | E7: 40656 | F7: 114 | G7: 357 | H7: 1065 | I7: 0 | J7: 0 | K7: Measured
A8: 46091 | B8: 7321 | C8: 8397 | D8: 5019 | E8: 39212 | F8: 78 | G8: 342 | H8: 1011 | I8: 0 | J8: 0 | K8: Measured
A9: 46092 | B9: 6928 | C9: 8361 | D9: 4919 | E9: 37076 | F9: 54 | G9: 342 | H9: 949 | I9: 0 | J9: 0 | K9: Measured
A10: 46093 | B10: 6942 | C10: 8353 | D10: 4792 | E10: 34136 | F10: 50 | G10: 331 | H10: 881 | I10: 0 | J10: 0 | K10: Measured
A11: 46094 | B11: 6740 | C11: 8370 | D11: 4728 | E11: 30884 | F11: 54 | G11: 335 | H11: 839 | I11: 0 | J11: 0 | K11: Measured
A12: 46095 | B12: 6528 | C12: 8378 | D12: 4813 | E12: 28720 | F12: 60 | G12: 330 | H12: 800 | I12: 0 | J12: 0 | K12: Measured
A13: 46096 | B13: 6536 | C13: 8359 | D13: 4885 | E13: 27508 | F13: 63 | G13: 294 | H13: 755 | I13: 0 | J13: 0 | K13: Measured
A14: 46097 | B14: 6005 | C14: 8343 | D14: 4883 | E14: 26652 | F14: 58 | G14: 236 | H14: 723 | I14: 0 | J14: 0 | K14: Measured
A15: 46098 | B15: 6736 | C15: 8358 | D15: 4741 | E15: 25584 | F15: 63 | G15: 226 | H15: 708 | I15: 0 | J15: 0 | K15: Measured
... A58: 46141 | B58: 1190 | C58: 1785 | D58: 2200 | E58: 13000 | F58: 69 | G58: 179 | H58: 510 | I58: 0 | J58: 0 | K58: Forecasted

Sheet 04_06_OMRI -6500
A1: Forecast start date | D1: VNS-QR | E1: FPT-QR | K1: data type | M1: Data request:
A2: 46118 | B2: af | C2: af | D2: cfs | E2: cfs | F2: cfs | G2: cfs | H2: cfs | I2: cfs | J2: cfs | M2: 31 days of historical measured data prior to forecast date
A3: DATE | B3: CCF | C3: TPP | D3: VNS | E3: FPT | F3: CAL | G3: MOKE | H3: COS | I3: SACWEIR | J3: FREWEIR | M3: 14 days of forecast data after forecast date
A4: 46087 | B4: 8329 | C4: 8351 | D4: 6106 | E4: 50104 | F4: 104 | G4: 359 | H4: 1365 | I4: 0 | J4: 0 | K4: Measured
A5: 46088 | B5: 8121 | C5: 8367 | D5: 5683 | E5: 46516 | F5: 105 | G5: 352 | H5: 1207 | I5: 0 | J5: 0 | K5: Measured
A6: 46089 | B6: 7409 | C6: 8024 | D6: 5345 | E6: 43272 | F6: 112 | G6: 353 | H6: 1108 | I6: 0 | J6: 0 | K6: Measured
A7: 46090 | B7: 7120 | C7: 8399 | D7: 5186 | E7: 40656 | F7: 114 | G7: 357 | H7: 1065 | I7: 0 | J7: 0 | K7: Measured
A8: 46091 | B8: 7321 | C8: 8397 | D8: 5019 | E8: 39212 | F8: 78 | G8: 342 | H8: 1011 | I8: 0 | J8: 0 | K8: Measured
A9: 46092 | B9: 6928 | C9: 8361 | D9: 4919 | E9: 37076 | F9: 54 | G9: 342 | H9: 949 | I9: 0 | J9: 0 | K9: Measured
A10: 46093 | B10: 6942 | C10: 8353 | D10: 4792 | E10: 34136 | F10: 50 | G10: 331 | H10: 881 | I10: 0 | J10: 0 | K10: Measured
A11: 46094 | B11: 6740 | C11: 8370 | D11: 4728 | E11: 30884 | F11: 54 | G11: 335 | H11: 839 | I11: 0 | J11: 0 | K11: Measured
A12: 46095 | B12: 6528 | C12: 8378 | D12: 4813 | E12: 28720 | F12: 60 | G12: 330 | H12: 800 | I12: 0 | J12: 0 | K12: Measured
A13: 46096 | B13: 6536 | C13: 8359 | D13: 4885 | E13: 27508 | F13: 63 | G13: 294 | H13: 755 | I13: 0 | J13: 0 | K13: Measured
A14: 46097 | B14: 6005 | C14: 8343 | D14: 4883 | E14: 26652 | F14: 58 | G14: 236 | H14: 723 | I14: 0 | J14: 0 | K14: Measured
A15: 46098 | B15: 6736 | C15: 8358 | D15: 4741 | E15: 25584 | F15: 63 | G15: 226 | H15: 708 | I15: 0 | J15: 0 | K15: Measured
... A58: 46141 | B58: 1190 | C58: 1785 | D58: 2200 | E58: 13000 | F58: 69 | G58: 179 | H58: 510 | I58: 0 | J58: 0 | K58: Forecasted

Sheet DSM2_Historic_data
B1: FPT | C1: VNS | D1: CCF | E1: TPP
A2: Date | B2: cfs | C2: cfs | D2: cfs | E2: cfs
A3: =plot_example!A3 -> 46119
A4: =A3+1 -> 46120
A5: =A4+1 -> 46121
A6: =A5+1 -> 46122
A7: =A6+1 -> 46123
A8: =A7+1 -> 46124
A9: =A8+1 -> 46125

Sheet OMR Summary
A1: Daily OMR less than -2000 | F1: Daily OMR less than -3500
L2: Data from CVO OMR Summary Starting | Z2: Data from individual OMRI csv files
B3: Pumping | F3: Pumping
B4: Tracy | C4: Clifton Court | D4: Daily OMR | E4: Daily JPF | F4: Tracy | G4: Clifton Court | H4: Daily OMR | I4: Daily JPF
B5: cfs | C5: cfs | D5: cfs | E5: cfs | F5: cfs | G5: cfs | H5: cfs | I5: cfs
A6: 46118 | B6: 3500 | C6: 600 | D6: -2951.7753 | E6: 1619.8574 | F6: 3500 | G6: 600 | H6: -2951.7753 | I6: 1619.8574
A7: =A6+1 -> 46119 | B7: 3500 | C7: 600 | D7: -2913.6243 | E7: 1001.901 | F7: 3500 | G7: 600 | H7: -2913.6243 | I7: 1001.901
A8: =A7+1 -> 46120 | B8: 1800 | C8: 600 | D8: -1380.0798 | E8: 2477.866 | F8: 2700 | G8: 600 | H8: -2199.9798 | I8: 1577.866
A9: =A8+1 -> 46121 | B9: 1800 | C9: 600 | D9: -1395.6228 | E9: 2308.579 | F9: 2700 | G9: 600 | H9: -2215.5228 | I9: 1408.579
A10: =A9+1 -> 46122 | B10: 1800 | C10: 600 | D10: -1410.6948 | E10: 2237.485 | F10: 2700 | G10: 600 | H10: -2230.5948 | I10: 1337.485
A11: =A10+1 -> 46123 | B11: 1800 | C11: 600 | D11: -1422.4698 | E11: 2298.91 | F11: 2700 | G11: 600 | H11: -2242.3698 | I11: 1398.91
A12: =A11+1 -> 46124 | B12: 1800 | C12: 600 | D12: -1444.6068 | E12: 2545.202 | F12: 2700 | G12: 600 | H12: -2264.5068 | I12: 1645.202
A15: Daily OMR less than -5000 | F15: Daily OMR less than -6500
B17: Pumping | F17: Pumping
B18: Tracy | C18: Clifton Court | D18: Daily OMR | E18: Daily JPF | F18: Tracy | G18: Clifton Court | H18: Daily OMR | I18: Daily JPF
B19: cfs | C19: cfs | D19: cfs | E19: cfs | F19: cfs | G19: cfs | H19: cfs | I19: cfs
A20: =A6 -> 46118 | B20: 3500 | C20: 600 | D20: -2951.7753 | E20: 1619.8574 | F20: 3500 | G20: 600 | H20: -2951.7753 | I20: 1619.8574
A21: =A7 -> 46119 | B21: 3500 | C21: 600 | D21: -2913.6243 | E21: 1001.901 | F21: 3500 | G21: 600 | H21: -2913.6243 | I21: 1001.901
A22: =A8 -> 46120 | B22: 3500 | C22: 600 | D22: -2928.7798 | E22: 777.866 | F22: 4200 | G22: 600 | H22: -3566.4798 | I22: 77.866
A23: =A9 -> 46121 | B23: 3500 | C23: 600 | D23: -2944.3228 | E23: 608.579 | F23: 4200 | G23: 600 | H23: -3582.0228 | I23: -91.421
A24: =A10 -> 46122 | B24: 3500 | C24: 600 | D24: -2959.3948 | E24: 537.485 | F24: 4200 | G24: 600 | H24: -3597.0948 | I24: -162.515
A25: =A11 -> 46123 | B25: 3500 | C25: 600 | D25: -2971.1698 | E25: 598.91 | F25: 4200 | G25: 600 | H25: -3608.8698 | I25: -101.09
A26: =A12 -> 46124 | B26: 3500 | C26: 600 | D26: -2993.3068 | E26: 845.202 | F26: 4200 | G26: 600 | H26: -3631.0068 | I26: 145.202
